iteration,epoch,train_loss,val_loss,lr,timestamp
1,1,1.9571,2.0845,1.000000e-03,2026-09-25T10:00:02
2,1,1.9147,2.1100,1.000000e-03,2026-09-25T10:00:04
3,1,1.9684,2.1684,1.000000e-03,2026-09-25T10:00:06
4,1,1.9866,2.0925,1.000000e-03,2026-09-25T10:00:08
5,1,1.9318,2.0851,1.000000e-03,2026-09-25T10:00:10
6,1,1.9081,2.1464,1.000000e-03,2026-09-25T10:00:12
7,1,1.8858,2.1069,1.000000e-03,2026-09-25T10:00:14
8,1,1.9583,2.1515,1.000000e-03,2026-09-25T10:00:16
9,1,1.9083,2.1572,1.000000e-03,2026-09-25T10:00:18
10,1,1.9769,2.0821,1.000000e-03,2026-09-25T10:00:20
11,1,1.9765,2.1712,1.000000e-03,2026-09-25T10:00:22
12,1,1.9223,2.1013,1.000000e-03,2026-09-25T10:00:24
13,1,1.9941,2.1246,1.000000e-03,2026-09-25T10:00:26
14,1,1.8935,2.0938,1.000000e-03,2026-09-25T10:00:28
15,1,1.9814,2.1590,1.000000e-03,2026-09-25T10:00:30
16,1,1.9767,2.1753,1.000000e-03,2026-09-25T10:00:32
17,1,1.9451,2.2066,1.000000e-03,2026-09-25T10:00:34
18,1,1.9267,2.1524,1.000000e-03,2026-09-25T10:00:36
19,1,1.9793,2.1609,1.000000e-03,2026-09-25T10:00:38
20,1,1.9830,2.1556,1.000000e-03,2026-09-25T10:00:40
21,1,1.9647,2.0872,1.000000e-03,2026-09-25T10:00:42
22,1,1.9092,2.1186,1.000000e-03,2026-09-25T10:00:44
23,1,1.8920,2.1113,1.000000e-03,2026-09-25T10:00:46
24,1,1.8944,2.1171,1.000000e-03,2026-09-25T10:00:48
25,1,1.9567,2.1283,1.000000e-03,2026-09-25T10:00:50
26,1,1.9258,2.1083,1.000000e-03,2026-09-25T10:00:52
27,1,1.9138,2.2019,1.000000e-03,2026-09-25T10:00:54
28,1,1.9581,2.1597,1.000000e-03,2026-09-25T10:00:56
29,1,1.9026,2.1752,1.000000e-03,2026-09-25T10:00:58
30,1,1.9017,2.1302,1.000000e-03,2026-09-25T10:01:00
31,1,1.9979,2.1637,1.000000e-03,2026-09-25T10:01:02
32,1,1.9475,2.1694,1.000000e-03,2026-09-25T10:01:04
33,1,1.9808,2.1812,1.000000e-03,2026-09-25T10:01:06
34,1,1.9093,2.0854,1.000000e-03,2026-09-25T10:01:08
35,1,1.9194,2.1158,1.000000e-03,2026-09-25T10:01:10
36,1,1.9072,2.2027,1.000000e-03,2026-09-25T10:01:12
37,1,1.9847,2.1218,1.000000e-03,2026-09-25T10:01:14
38,1,1.9590,2.1322,1.000000e-03,2026-09-25T10:01:16
39,1,1.9892,2.1404,1.000000e-03,2026-09-25T10:01:18
40,1,1.9135,2.1131,1.000000e-03,2026-09-25T10:01:20
41,1,1.9480,2.1151,1.000000e-03,2026-09-25T10:01:22
42,1,1.9507,2.1969,1.000000e-03,2026-09-25T10:01:24
43,1,1.9292,2.1095,1.000000e-03,2026-09-25T10:01:26
44,1,1.9988,2.1469,1.000000e-03,2026-09-25T10:01:28
45,1,1.8933,2.0874,1.000000e-03,2026-09-25T10:01:30
46,1,1.8954,2.1621,1.000000e-03,2026-09-25T10:01:32
47,1,1.9749,2.1357,1.000000e-03,2026-09-25T10:01:34
48,1,1.8901,2.1304,1.000000e-03,2026-09-25T10:01:36
49,1,1.9987,2.1494,1.000000e-03,2026-09-25T10:01:38
50,1,1.9957,2.1921,1.000000e-03,2026-09-25T10:01:40
51,2,1.8283,2.1204,1.000000e-03,2026-09-25T10:01:42
52,2,1.9041,2.0973,1.000000e-03,2026-09-25T10:01:44
53,2,1.8572,2.1104,1.000000e-03,2026-09-25T10:01:46
54,2,1.8396,2.0845,1.000000e-03,2026-09-25T10:01:48
55,2,1.8783,2.1497,1.000000e-03,2026-09-25T10:01:50
56,2,1.9260,2.0630,1.000000e-03,2026-09-25T10:01:52
57,2,1.8836,2.0524,1.000000e-03,2026-09-25T10:01:54
58,2,1.9302,2.1392,1.000000e-03,2026-09-25T10:01:56
59,2,1.8608,2.1102,1.000000e-03,2026-09-25T10:01:58
60,2,1.8958,2.0491,1.000000e-03,2026-09-25T10:02:00
61,2,1.9132,2.0976,1.000000e-03,2026-09-25T10:02:02
62,2,1.9150,2.0965,1.000000e-03,2026-09-25T10:02:04
63,2,1.8271,2.0706,1.000000e-03,2026-09-25T10:02:06
64,2,1.8292,2.1466,1.000000e-03,2026-09-25T10:02:08
65,2,1.9263,2.1343,1.000000e-03,2026-09-25T10:02:10
66,2,1.8618,2.0372,1.000000e-03,2026-09-25T10:02:12
67,2,1.9262,2.1488,1.000000e-03,2026-09-25T10:02:14
68,2,1.8367,2.0909,1.000000e-03,2026-09-25T10:02:16
69,2,1.8348,2.1254,1.000000e-03,2026-09-25T10:02:18
70,2,1.9136,2.0460,1.000000e-03,2026-09-25T10:02:20
71,2,1.8807,2.0990,1.000000e-03,2026-09-25T10:02:22
72,2,1.8570,2.1395,1.000000e-03,2026-09-25T10:02:24
73,2,1.8748,2.0565,1.000000e-03,2026-09-25T10:02:26
74,2,1.8880,2.1216,1.000000e-03,2026-09-25T10:02:28
75,2,1.8498,2.0691,1.000000e-03,2026-09-25T10:02:30
76,2,1.9395,2.1115,1.000000e-03,2026-09-25T10:02:32
77,2,1.8765,2.0949,1.000000e-03,2026-09-25T10:02:34
78,2,1.8407,2.0581,1.000000e-03,2026-09-25T10:02:36
79,2,1.8652,2.1038,1.000000e-03,2026-09-25T10:02:38
80,2,1.8530,2.0576,1.000000e-03,2026-09-25T10:02:40
81,2,1.8350,2.1092,1.000000e-03,2026-09-25T10:02:42
82,2,1.8529,2.1436,1.000000e-03,2026-09-25T10:02:44
83,2,1.9242,2.0388,1.000000e-03,2026-09-25T10:02:46
84,2,1.8539,2.1139,1.000000e-03,2026-09-25T10:02:48
85,2,1.8512,2.0465,1.000000e-03,2026-09-25T10:02:50
86,2,1.9327,2.1016,1.000000e-03,2026-09-25T10:02:52
87,2,1.8804,2.1284,1.000000e-03,2026-09-25T10:02:54
88,2,1.9183,2.0538,1.000000e-03,2026-09-25T10:02:56
89,2,1.8380,2.0840,1.000000e-03,2026-09-25T10:02:58
90,2,1.8749,2.0886,1.000000e-03,2026-09-25T10:03:00
91,2,1.9094,2.1145,1.000000e-03,2026-09-25T10:03:02
92,2,1.9382,2.0423,1.000000e-03,2026-09-25T10:03:04
93,2,1.8725,2.0725,1.000000e-03,2026-09-25T10:03:06
94,2,1.9244,2.0611,1.000000e-03,2026-09-25T10:03:08
95,2,1.8485,2.0863,1.000000e-03,2026-09-25T10:03:10
96,2,1.8747,2.0649,1.000000e-03,2026-09-25T10:03:12
97,2,1.8553,2.1459,1.000000e-03,2026-09-25T10:03:14
98,2,1.8771,2.1381,1.000000e-03,2026-09-25T10:03:16
99,2,1.8892,2.0363,1.000000e-03,2026-09-25T10:03:18
100,2,1.9400,2.1349,1.000000e-03,2026-09-25T10:03:20
101,3,1.8793,2.0932,1.000000e-03,2026-09-25T10:03:22
102,3,1.8661,2.0002,1.000000e-03,2026-09-25T10:03:24
103,3,1.8263,2.0060,1.000000e-03,2026-09-25T10:03:26
104,3,1.8170,1.9870,1.000000e-03,2026-09-25T10:03:28
105,3,1.8146,2.1005,1.000000e-03,2026-09-25T10:03:30
106,3,1.8021,2.0758,1.000000e-03,2026-09-25T10:03:32
107,3,1.8229,2.0316,1.000000e-03,2026-09-25T10:03:34
108,3,1.8780,2.1017,1.000000e-03,2026-09-25T10:03:36
109,3,1.8340,2.0678,1.000000e-03,2026-09-25T10:03:38
110,3,1.7900,2.0161,1.000000e-03,2026-09-25T10:03:40
111,3,1.8793,2.0507,1.000000e-03,2026-09-25T10:03:42
112,3,1.8325,2.0714,1.000000e-03,2026-09-25T10:03:44
113,3,1.7793,2.0513,1.000000e-03,2026-09-25T10:03:46
114,3,1.8282,2.0842,1.000000e-03,2026-09-25T10:03:48
115,3,1.7903,2.0975,1.000000e-03,2026-09-25T10:03:50
116,3,1.7818,2.0026,1.000000e-03,2026-09-25T10:03:52
117,3,1.8383,2.0625,1.000000e-03,2026-09-25T10:03:54
118,3,1.7988,1.9945,1.000000e-03,2026-09-25T10:03:56
119,3,1.8707,2.0100,1.000000e-03,2026-09-25T10:03:58
120,3,1.8382,2.0557,1.000000e-03,2026-09-25T10:04:00
121,3,1.8190,2.0513,1.000000e-03,2026-09-25T10:04:02
122,3,1.8304,2.0943,1.000000e-03,2026-09-25T10:04:04
123,3,1.7954,2.0675,1.000000e-03,2026-09-25T10:04:06
124,3,1.7992,2.0283,1.000000e-03,2026-09-25T10:04:08
125,3,1.8467,2.0165,1.000000e-03,2026-09-25T10:04:10
126,3,1.8077,2.0719,1.000000e-03,2026-09-25T10:04:12
127,3,1.7810,2.0359,1.000000e-03,2026-09-25T10:04:14
128,3,1.8825,2.1018,1.000000e-03,2026-09-25T10:04:16
129,3,1.7811,2.0059,1.000000e-03,2026-09-25T10:04:18
130,3,1.8021,2.0941,1.000000e-03,2026-09-25T10:04:20
131,3,1.8696,2.0875,1.000000e-03,2026-09-25T10:04:22
132,3,1.8136,1.9991,1.000000e-03,2026-09-25T10:04:24
133,3,1.8645,2.0660,1.000000e-03,2026-09-25T10:04:26
134,3,1.8401,2.1007,1.000000e-03,2026-09-25T10:04:28
135,3,1.8447,1.9808,1.000000e-03,2026-09-25T10:04:30
136,3,1.8626,2.0165,1.000000e-03,2026-09-25T10:04:32
137,3,1.8458,2.0948,1.000000e-03,2026-09-25T10:04:34
138,3,1.7878,1.9939,1.000000e-03,2026-09-25T10:04:36
139,3,1.7848,2.0476,1.000000e-03,2026-09-25T10:04:38
140,3,1.8029,2.0539,1.000000e-03,2026-09-25T10:04:40
141,3,1.8517,2.0047,1.000000e-03,2026-09-25T10:04:42
142,3,1.8426,2.0121,1.000000e-03,2026-09-25T10:04:44
143,3,1.8266,2.0907,1.000000e-03,2026-09-25T10:04:46
144,3,1.8658,1.9911,1.000000e-03,2026-09-25T10:04:48
145,3,1.8195,2.0137,1.000000e-03,2026-09-25T10:04:50
146,3,1.7734,2.0742,1.000000e-03,2026-09-25T10:04:52
147,3,1.8429,2.0119,1.000000e-03,2026-09-25T10:04:54
148,3,1.8543,2.0474,1.000000e-03,2026-09-25T10:04:56
149,3,1.8199,1.9810,1.000000e-03,2026-09-25T10:04:58
150,3,1.7813,2.0880,1.000000e-03,2026-09-25T10:05:00
151,4,1.8168,1.9961,1.000000e-03,2026-09-25T10:05:02
152,4,1.8095,2.0005,1.000000e-03,2026-09-25T10:05:04
153,4,1.7364,1.9461,1.000000e-03,2026-09-25T10:05:06
154,4,1.7534,2.0383,1.000000e-03,2026-09-25T10:05:08
155,4,1.8054,2.0337,1.000000e-03,2026-09-25T10:05:10
156,4,1.8163,1.9560,1.000000e-03,2026-09-25T10:05:12
157,4,1.7472,1.9432,1.000000e-03,2026-09-25T10:05:14
158,4,1.8037,2.0365,1.000000e-03,2026-09-25T10:05:16
159,4,1.7639,2.0051,1.000000e-03,2026-09-25T10:05:18
160,4,1.7371,2.0420,1.000000e-03,2026-09-25T10:05:20
161,4,1.8126,2.0475,1.000000e-03,2026-09-25T10:05:22
162,4,1.8069,2.0362,1.000000e-03,2026-09-25T10:05:24
163,4,1.7233,2.0189,1.000000e-03,2026-09-25T10:05:26
164,4,1.7560,2.0421,1.000000e-03,2026-09-25T10:05:28
165,4,1.8060,2.0341,1.000000e-03,2026-09-25T10:05:30
166,4,1.8069,1.9628,1.000000e-03,2026-09-25T10:05:32
167,4,1.8044,1.9438,1.000000e-03,2026-09-25T10:05:34
168,4,1.8135,2.0335,1.000000e-03,2026-09-25T10:05:36
169,4,1.7443,2.0285,1.000000e-03,2026-09-25T10:05:38
170,4,1.7696,1.9674,1.000000e-03,2026-09-25T10:05:40
171,4,1.8053,1.9581,1.000000e-03,2026-09-25T10:05:42
172,4,1.7231,1.9540,1.000000e-03,2026-09-25T10:05:44
173,4,1.7556,2.0342,1.000000e-03,2026-09-25T10:05:46
174,4,1.8235,1.9643,1.000000e-03,2026-09-25T10:05:48
175,4,1.7889,1.9787,1.000000e-03,2026-09-25T10:05:50
176,4,1.8250,1.9950,1.000000e-03,2026-09-25T10:05:52
177,4,1.8206,1.9447,1.000000e-03,2026-09-25T10:05:54
178,4,1.8239,1.9523,1.000000e-03,2026-09-25T10:05:56
179,4,1.8231,1.9626,1.000000e-03,2026-09-25T10:05:58
180,4,1.7322,1.9828,1.000000e-03,2026-09-25T10:06:00
181,4,1.7982,1.9684,1.000000e-03,2026-09-25T10:06:02
182,4,1.7851,1.9920,1.000000e-03,2026-09-25T10:06:04
183,4,1.7616,1.9998,1.000000e-03,2026-09-25T10:06:06
184,4,1.7477,2.0156,1.000000e-03,2026-09-25T10:06:08
185,4,1.7208,2.0415,1.000000e-03,2026-09-25T10:06:10
186,4,1.7779,2.0169,1.000000e-03,2026-09-25T10:06:12
187,4,1.7996,2.0110,1.000000e-03,2026-09-25T10:06:14
188,4,1.7594,1.9393,1.000000e-03,2026-09-25T10:06:16
189,4,1.7913,1.9704,1.000000e-03,2026-09-25T10:06:18
190,4,1.7540,2.0322,1.000000e-03,2026-09-25T10:06:20
191,4,1.7972,1.9668,1.000000e-03,2026-09-25T10:06:22
192,4,1.7535,1.9797,1.000000e-03,2026-09-25T10:06:24
193,4,1.7635,1.9662,1.000000e-03,2026-09-25T10:06:26
194,4,1.7342,1.9811,1.000000e-03,2026-09-25T10:06:28
195,4,1.8207,2.0118,1.000000e-03,2026-09-25T10:06:30
196,4,1.8167,2.0044,1.000000e-03,2026-09-25T10:06:32
197,4,1.7527,1.9964,1.000000e-03,2026-09-25T10:06:34
198,4,1.7207,1.9652,1.000000e-03,2026-09-25T10:06:36
199,4,1.7664,2.0002,1.000000e-03,2026-09-25T10:06:38
200,4,1.7903,1.9865,1.000000e-03,2026-09-25T10:06:40
201,5,1.7154,1.9081,1.000000e-03,2026-09-25T10:06:42
202,5,1.7186,1.9882,1.000000e-03,2026-09-25T10:06:44
203,5,1.7520,1.9030,1.000000e-03,2026-09-25T10:06:46
204,5,1.6785,1.9433,1.000000e-03,2026-09-25T10:06:48
205,5,1.7351,1.9223,1.000000e-03,2026-09-25T10:06:50
206,5,1.7543,1.9707,1.000000e-03,2026-09-25T10:06:52
207,5,1.7393,1.9094,1.000000e-03,2026-09-25T10:06:54
208,5,1.6903,1.8861,1.000000e-03,2026-09-25T10:06:56
209,5,1.6951,1.9386,1.000000e-03,2026-09-25T10:06:58
210,5,1.7575,1.8917,1.000000e-03,2026-09-25T10:07:00
211,5,1.7126,1.9566,1.000000e-03,2026-09-25T10:07:02
212,5,1.6899,1.9644,1.000000e-03,2026-09-25T10:07:04
213,5,1.7208,1.9117,1.000000e-03,2026-09-25T10:07:06
214,5,1.7375,1.8839,1.000000e-03,2026-09-25T10:07:08
215,5,1.7473,1.9730,1.000000e-03,2026-09-25T10:07:10
216,5,1.6808,1.9328,1.000000e-03,2026-09-25T10:07:12
217,5,1.6879,1.9948,1.000000e-03,2026-09-25T10:07:14
218,5,1.7233,1.8891,1.000000e-03,2026-09-25T10:07:16
219,5,1.6955,1.9821,1.000000e-03,2026-09-25T10:07:18
220,5,1.7169,1.9766,1.000000e-03,2026-09-25T10:07:20
221,5,1.7387,1.9983,1.000000e-03,2026-09-25T10:07:22
222,5,1.7313,1.9939,1.000000e-03,2026-09-25T10:07:24
223,5,1.7618,1.9546,1.000000e-03,2026-09-25T10:07:26
224,5,1.7441,1.9420,1.000000e-03,2026-09-25T10:07:28
225,5,1.7556,1.9471,1.000000e-03,2026-09-25T10:07:30
226,5,1.7624,1.9699,1.000000e-03,2026-09-25T10:07:32
227,5,1.7188,1.9134,1.000000e-03,2026-09-25T10:07:34
228,5,1.6953,1.9575,1.000000e-03,2026-09-25T10:07:36
229,5,1.7489,1.9440,1.000000e-03,2026-09-25T10:07:38
230,5,1.7345,1.9152,1.000000e-03,2026-09-25T10:07:40
231,5,1.6778,1.9165,1.000000e-03,2026-09-25T10:07:42
232,5,1.6978,1.9205,1.000000e-03,2026-09-25T10:07:44
233,5,1.7256,1.8994,1.000000e-03,2026-09-25T10:07:46
234,5,1.6937,1.9641,1.000000e-03,2026-09-25T10:07:48
235,5,1.7427,1.8907,1.000000e-03,2026-09-25T10:07:50
236,5,1.7119,1.9465,1.000000e-03,2026-09-25T10:07:52
237,5,1.7127,1.9073,1.000000e-03,2026-09-25T10:07:54
238,5,1.7132,1.9887,1.000000e-03,2026-09-25T10:07:56
239,5,1.7301,1.9643,1.000000e-03,2026-09-25T10:07:58
240,5,1.7583,1.9724,1.000000e-03,2026-09-25T10:08:00
241,5,1.7091,1.8839,1.000000e-03,2026-09-25T10:08:02
242,5,1.7061,1.9710,1.000000e-03,2026-09-25T10:08:04
243,5,1.7579,1.9943,1.000000e-03,2026-09-25T10:08:06
244,5,1.7131,1.9703,1.000000e-03,2026-09-25T10:08:08
245,5,1.7262,1.9535,1.000000e-03,2026-09-25T10:08:10
246,5,1.6926,1.9088,1.000000e-03,2026-09-25T10:08:12
247,5,1.7148,1.8866,1.000000e-03,2026-09-25T10:08:14
248,5,1.7045,1.9624,1.000000e-03,2026-09-25T10:08:16
249,5,1.7115,1.9025,1.000000e-03,2026-09-25T10:08:18
250,5,1.7180,1.8981,1.000000e-03,2026-09-25T10:08:20
251,6,1.6828,1.8398,1.000000e-03,2026-09-25T10:08:22
252,6,1.6599,1.9009,1.000000e-03,2026-09-25T10:08:24
253,6,1.6231,1.9098,1.000000e-03,2026-09-25T10:08:26
254,6,1.6340,1.8892,1.000000e-03,2026-09-25T10:08:28
255,6,1.6255,1.8798,1.000000e-03,2026-09-25T10:08:30
256,6,1.6416,1.8739,1.000000e-03,2026-09-25T10:08:32
257,6,1.6967,1.8798,1.000000e-03,2026-09-25T10:08:34
258,6,1.6958,1.9313,1.000000e-03,2026-09-25T10:08:36
259,6,1.6457,1.8461,1.000000e-03,2026-09-25T10:08:38
260,6,1.6224,1.8980,1.000000e-03,2026-09-25T10:08:40
261,6,1.7206,1.8765,1.000000e-03,2026-09-25T10:08:42
262,6,1.6856,1.9255,1.000000e-03,2026-09-25T10:08:44
263,6,1.6858,1.9224,1.000000e-03,2026-09-25T10:08:46
264,6,1.7156,1.8594,1.000000e-03,2026-09-25T10:08:48
265,6,1.6225,1.8541,1.000000e-03,2026-09-25T10:08:50
266,6,1.6331,1.9128,1.000000e-03,2026-09-25T10:08:52
267,6,1.6770,1.8615,1.000000e-03,2026-09-25T10:08:54
268,6,1.6905,1.9239,1.000000e-03,2026-09-25T10:08:56
269,6,1.6372,1.9057,1.000000e-03,2026-09-25T10:08:58
270,6,1.6954,1.8498,1.000000e-03,2026-09-25T10:09:00
271,6,1.7025,1.9464,1.000000e-03,2026-09-25T10:09:02
272,6,1.6313,1.8397,1.000000e-03,2026-09-25T10:09:04
273,6,1.6517,1.9137,1.000000e-03,2026-09-25T10:09:06
274,6,1.7165,1.8818,1.000000e-03,2026-09-25T10:09:08
275,6,1.6921,1.8454,1.000000e-03,2026-09-25T10:09:10
276,6,1.6896,1.9080,1.000000e-03,2026-09-25T10:09:12
277,6,1.6306,1.9245,1.000000e-03,2026-09-25T10:09:14
278,6,1.7057,1.9050,1.000000e-03,2026-09-25T10:09:16
279,6,1.6326,1.9485,1.000000e-03,2026-09-25T10:09:18
280,6,1.6989,1.8762,1.000000e-03,2026-09-25T10:09:20
281,6,1.6634,1.8789,1.000000e-03,2026-09-25T10:09:22
282,6,1.6711,1.8755,1.000000e-03,2026-09-25T10:09:24
283,6,1.7056,1.9302,1.000000e-03,2026-09-25T10:09:26
284,6,1.6310,1.9459,1.000000e-03,2026-09-25T10:09:28
285,6,1.6841,1.9309,1.000000e-03,2026-09-25T10:09:30
286,6,1.6913,1.8862,1.000000e-03,2026-09-25T10:09:32
287,6,1.6940,1.9464,1.000000e-03,2026-09-25T10:09:34
288,6,1.6475,1.9286,1.000000e-03,2026-09-25T10:09:36
289,6,1.6744,1.8917,1.000000e-03,2026-09-25T10:09:38
290,6,1.6641,1.9198,1.000000e-03,2026-09-25T10:09:40
291,6,1.6473,1.9335,1.000000e-03,2026-09-25T10:09:42
292,6,1.7037,1.8466,1.000000e-03,2026-09-25T10:09:44
293,6,1.7088,1.8645,1.000000e-03,2026-09-25T10:09:46
294,6,1.6670,1.9061,1.000000e-03,2026-09-25T10:09:48
295,6,1.6584,1.8400,1.000000e-03,2026-09-25T10:09:50
296,6,1.7057,1.8574,1.000000e-03,2026-09-25T10:09:52
297,6,1.6417,1.9274,1.000000e-03,2026-09-25T10:09:54
298,6,1.6545,1.9368,1.000000e-03,2026-09-25T10:09:56
299,6,1.6907,1.8681,1.000000e-03,2026-09-25T10:09:58
300,6,1.6214,1.9445,1.000000e-03,2026-09-25T10:10:00
301,7,1.5809,1.8712,1.000000e-03,2026-09-25T10:10:02
302,7,1.6201,1.8754,1.000000e-03,2026-09-25T10:10:04
303,7,1.6397,1.8630,1.000000e-03,2026-09-25T10:10:06
304,7,1.6203,1.8793,1.000000e-03,2026-09-25T10:10:08
305,7,1.5816,1.8160,1.000000e-03,2026-09-25T10:10:10
306,7,1.6398,1.8253,1.000000e-03,2026-09-25T10:10:12
307,7,1.6291,1.8438,1.000000e-03,2026-09-25T10:10:14
308,7,1.6242,1.8386,1.000000e-03,2026-09-25T10:10:16
309,7,1.6451,1.8281,1.000000e-03,2026-09-25T10:10:18
310,7,1.6409,1.8214,1.000000e-03,2026-09-25T10:10:20
311,7,1.5970,1.8048,1.000000e-03,2026-09-25T10:10:22
312,7,1.5913,1.8046,1.000000e-03,2026-09-25T10:10:24
313,7,1.6247,1.8759,1.000000e-03,2026-09-25T10:10:26
314,7,1.5905,1.8154,1.000000e-03,2026-09-25T10:10:28
315,7,1.6196,1.8717,1.000000e-03,2026-09-25T10:10:30
316,7,1.6675,1.8495,1.000000e-03,2026-09-25T10:10:32
317,7,1.6001,1.8025,1.000000e-03,2026-09-25T10:10:34
318,7,1.5914,1.8166,1.000000e-03,2026-09-25T10:10:36
319,7,1.5900,1.7930,1.000000e-03,2026-09-25T10:10:38
320,7,1.6245,1.8218,1.000000e-03,2026-09-25T10:10:40
321,7,1.6673,1.8527,1.000000e-03,2026-09-25T10:10:42
322,7,1.6404,1.8054,1.000000e-03,2026-09-25T10:10:44
323,7,1.6570,1.8458,1.000000e-03,2026-09-25T10:10:46
324,7,1.6574,1.8550,1.000000e-03,2026-09-25T10:10:48
325,7,1.6182,1.8402,1.000000e-03,2026-09-25T10:10:50
326,7,1.5905,1.7971,1.000000e-03,2026-09-25T10:10:52
327,7,1.6641,1.8443,1.000000e-03,2026-09-25T10:10:54
328,7,1.6525,1.8358,1.000000e-03,2026-09-25T10:10:56
329,7,1.5797,1.8611,1.000000e-03,2026-09-25T10:10:58
330,7,1.5777,1.8079,1.000000e-03,2026-09-25T10:11:00
331,7,1.6273,1.8251,1.000000e-03,2026-09-25T10:11:02
332,7,1.6692,1.8045,1.000000e-03,2026-09-25T10:11:04
333,7,1.6469,1.8586,1.000000e-03,2026-09-25T10:11:06
334,7,1.6494,1.8164,1.000000e-03,2026-09-25T10:11:08
335,7,1.6234,1.8413,1.000000e-03,2026-09-25T10:11:10
336,7,1.6156,1.8867,1.000000e-03,2026-09-25T10:11:12
337,7,1.6688,1.8252,1.000000e-03,2026-09-25T10:11:14
338,7,1.6329,1.8590,1.000000e-03,2026-09-25T10:11:16
339,7,1.6445,1.8964,1.000000e-03,2026-09-25T10:11:18
340,7,1.5927,1.8148,1.000000e-03,2026-09-25T10:11:20
341,7,1.6368,1.8088,1.000000e-03,2026-09-25T10:11:22
342,7,1.5894,1.7997,1.000000e-03,2026-09-25T10:11:24
343,7,1.5728,1.8413,1.000000e-03,2026-09-25T10:11:26
344,7,1.6303,1.8237,1.000000e-03,2026-09-25T10:11:28
345,7,1.5950,1.8697,1.000000e-03,2026-09-25T10:11:30
346,7,1.6409,1.8417,1.000000e-03,2026-09-25T10:11:32
347,7,1.6394,1.8938,1.000000e-03,2026-09-25T10:11:34
348,7,1.6492,1.8607,1.000000e-03,2026-09-25T10:11:36
349,7,1.6368,1.8949,1.000000e-03,2026-09-25T10:11:38
350,7,1.6139,1.8517,1.000000e-03,2026-09-25T10:11:40
351,8,1.5872,1.8453,1.000000e-03,2026-09-25T10:11:42
352,8,1.6041,1.7549,1.000000e-03,2026-09-25T10:11:44
353,8,1.5417,1.7804,1.000000e-03,2026-09-25T10:11:46
354,8,1.5968,1.8087,1.000000e-03,2026-09-25T10:11:48
355,8,1.5533,1.7606,1.000000e-03,2026-09-25T10:11:50
356,8,1.5911,1.8228,1.000000e-03,2026-09-25T10:11:52
357,8,1.6150,1.8013,1.000000e-03,2026-09-25T10:11:54
358,8,1.5727,1.7559,1.000000e-03,2026-09-25T10:11:56
359,8,1.5298,1.7939,1.000000e-03,2026-09-25T10:11:58
360,8,1.5565,1.7742,1.000000e-03,2026-09-25T10:12:00
361,8,1.5347,1.8511,1.000000e-03,2026-09-25T10:12:02
362,8,1.6050,1.8093,1.000000e-03,2026-09-25T10:12:04
363,8,1.6158,1.8552,1.000000e-03,2026-09-25T10:12:06
364,8,1.5895,1.7763,1.000000e-03,2026-09-25T10:12:08
365,8,1.5299,1.8289,1.000000e-03,2026-09-25T10:12:10
366,8,1.5705,1.8176,1.000000e-03,2026-09-25T10:12:12
367,8,1.6125,1.7668,1.000000e-03,2026-09-25T10:12:14
368,8,1.5813,1.8158,1.000000e-03,2026-09-25T10:12:16
369,8,1.5725,1.7570,1.000000e-03,2026-09-25T10:12:18
370,8,1.5589,1.7832,1.000000e-03,2026-09-25T10:12:20
371,8,1.5893,1.8399,1.000000e-03,2026-09-25T10:12:22
372,8,1.5572,1.8221,1.000000e-03,2026-09-25T10:12:24
373,8,1.5533,1.8493,1.000000e-03,2026-09-25T10:12:26
374,8,1.6029,1.8066,1.000000e-03,2026-09-25T10:12:28
375,8,1.5690,1.7812,1.000000e-03,2026-09-25T10:12:30
376,8,1.5566,1.8520,1.000000e-03,2026-09-25T10:12:32
377,8,1.5642,1.8028,1.000000e-03,2026-09-25T10:12:34
378,8,1.6193,1.8182,1.000000e-03,2026-09-25T10:12:36
379,8,1.5773,1.7918,1.000000e-03,2026-09-25T10:12:38
380,8,1.5438,1.7863,1.000000e-03,2026-09-25T10:12:40
381,8,1.5975,1.8148,1.000000e-03,2026-09-25T10:12:42
382,8,1.5978,1.7692,1.000000e-03,2026-09-25T10:12:44
383,8,1.5779,1.8474,1.000000e-03,2026-09-25T10:12:46
384,8,1.5674,1.8226,1.000000e-03,2026-09-25T10:12:48
385,8,1.5375,1.8523,1.000000e-03,2026-09-25T10:12:50
386,8,1.5835,1.7730,1.000000e-03,2026-09-25T10:12:52
387,8,1.5410,1.8067,1.000000e-03,2026-09-25T10:12:54
388,8,1.5782,1.7572,1.000000e-03,2026-09-25T10:12:56
389,8,1.6197,1.8458,1.000000e-03,2026-09-25T10:12:58
390,8,1.5696,1.7599,1.000000e-03,2026-09-25T10:13:00
391,8,1.6046,1.8010,1.000000e-03,2026-09-25T10:13:02
392,8,1.5937,1.8022,1.000000e-03,2026-09-25T10:13:04
393,8,1.5519,1.8374,1.000000e-03,2026-09-25T10:13:06
394,8,1.6186,1.7735,1.000000e-03,2026-09-25T10:13:08
395,8,1.5781,1.7886,1.000000e-03,2026-09-25T10:13:10
396,8,1.6131,1.8021,1.000000e-03,2026-09-25T10:13:12
397,8,1.6091,1.8405,1.000000e-03,2026-09-25T10:13:14
398,8,1.5521,1.8325,1.000000e-03,2026-09-25T10:13:16
399,8,1.5652,1.8481,1.000000e-03,2026-09-25T10:13:18
400,8,1.5740,1.8359,1.000000e-03,2026-09-25T10:13:20
401,9,1.5069,1.7355,1.000000e-03,2026-09-25T10:13:22
402,9,1.5347,1.8093,1.000000e-03,2026-09-25T10:13:24
403,9,1.5258,1.7197,1.000000e-03,2026-09-25T10:13:26
404,9,1.5303,1.7404,1.000000e-03,2026-09-25T10:13:28
405,9,1.5315,1.7613,1.000000e-03,2026-09-25T10:13:30
406,9,1.5227,1.7380,1.000000e-03,2026-09-25T10:13:32
407,9,1.4982,1.7776,1.000000e-03,2026-09-25T10:13:34
408,9,1.5333,1.7287,1.000000e-03,2026-09-25T10:13:36
409,9,1.5520,1.7086,1.000000e-03,2026-09-25T10:13:38
410,9,1.5492,1.7784,1.000000e-03,2026-09-25T10:13:40
411,9,1.5553,1.7447,1.000000e-03,2026-09-25T10:13:42
412,9,1.5418,1.7905,1.000000e-03,2026-09-25T10:13:44
413,9,1.5708,1.7562,1.000000e-03,2026-09-25T10:13:46
414,9,1.4843,1.7570,1.000000e-03,2026-09-25T10:13:48
415,9,1.5350,1.7957,1.000000e-03,2026-09-25T10:13:50
416,9,1.5610,1.7504,1.000000e-03,2026-09-25T10:13:52
417,9,1.5291,1.7522,1.000000e-03,2026-09-25T10:13:54
418,9,1.5471,1.7472,1.000000e-03,2026-09-25T10:13:56
419,9,1.5409,1.7203,1.000000e-03,2026-09-25T10:13:58
420,9,1.5240,1.8062,1.000000e-03,2026-09-25T10:14:00
421,9,1.5120,1.7770,1.000000e-03,2026-09-25T10:14:02
422,9,1.5405,1.7938,1.000000e-03,2026-09-25T10:14:04
423,9,1.5590,1.7946,1.000000e-03,2026-09-25T10:14:06
424,9,1.5158,1.7374,1.000000e-03,2026-09-25T10:14:08
425,9,1.5468,1.7841,1.000000e-03,2026-09-25T10:14:10
426,9,1.5609,1.7078,1.000000e-03,2026-09-25T10:14:12
427,9,1.4872,1.7706,1.000000e-03,2026-09-25T10:14:14
428,9,1.5653,1.8092,1.000000e-03,2026-09-25T10:14:16
429,9,1.5494,1.7498,1.000000e-03,2026-09-25T10:14:18
430,9,1.4900,1.7708,1.000000e-03,2026-09-25T10:14:20
431,9,1.5609,1.7508,1.000000e-03,2026-09-25T10:14:22
432,9,1.5445,1.7993,1.000000e-03,2026-09-25T10:14:24
433,9,1.4852,1.7880,1.000000e-03,2026-09-25T10:14:26
434,9,1.5078,1.7435,1.000000e-03,2026-09-25T10:14:28
435,9,1.4943,1.7600,1.000000e-03,2026-09-25T10:14:30
436,9,1.5328,1.7876,1.000000e-03,2026-09-25T10:14:32
437,9,1.4965,1.7124,1.000000e-03,2026-09-25T10:14:34
438,9,1.5607,1.7694,1.000000e-03,2026-09-25T10:14:36
439,9,1.5030,1.8002,1.000000e-03,2026-09-25T10:14:38
440,9,1.4941,1.7526,1.000000e-03,2026-09-25T10:14:40
441,9,1.5042,1.7309,1.000000e-03,2026-09-25T10:14:42
442,9,1.4818,1.7888,1.000000e-03,2026-09-25T10:14:44
443,9,1.5635,1.7755,1.000000e-03,2026-09-25T10:14:46
444,9,1.4954,1.7506,1.000000e-03,2026-09-25T10:14:48
445,9,1.5126,1.7660,1.000000e-03,2026-09-25T10:14:50
446,9,1.5395,1.7488,1.000000e-03,2026-09-25T10:14:52
447,9,1.5039,1.7931,1.000000e-03,2026-09-25T10:14:54
448,9,1.4992,1.7446,1.000000e-03,2026-09-25T10:14:56
449,9,1.5252,1.7290,1.000000e-03,2026-09-25T10:14:58
450,9,1.5333,1.7646,1.000000e-03,2026-09-25T10:15:00
451,10,1.5254,1.6923,1.000000e-03,2026-09-25T10:15:02
452,10,1.5241,1.7296,1.000000e-03,2026-09-25T10:15:04
453,10,1.4616,1.7201,1.000000e-03,2026-09-25T10:15:06
454,10,1.4982,1.7385,1.000000e-03,2026-09-25T10:15:08
455,10,1.4415,1.7243,1.000000e-03,2026-09-25T10:15:10
456,10,1.4813,1.7549,1.000000e-03,2026-09-25T10:15:12
457,10,1.4626,1.7441,1.000000e-03,2026-09-25T10:15:14
458,10,1.4912,1.6982,1.000000e-03,2026-09-25T10:15:16
459,10,1.4938,1.7258,1.000000e-03,2026-09-25T10:15:18
460,10,1.4974,1.7361,1.000000e-03,2026-09-25T10:15:20
461,10,1.4958,1.7481,1.000000e-03,2026-09-25T10:15:22
462,10,1.4930,1.7548,1.000000e-03,2026-09-25T10:15:24
463,10,1.4946,1.6937,1.000000e-03,2026-09-25T10:15:26
464,10,1.4764,1.7215,1.000000e-03,2026-09-25T10:15:28
465,10,1.5023,1.6712,1.000000e-03,2026-09-25T10:15:30
466,10,1.4634,1.7388,1.000000e-03,2026-09-25T10:15:32
467,10,1.4528,1.6755,1.000000e-03,2026-09-25T10:15:34
468,10,1.4851,1.7618,1.000000e-03,2026-09-25T10:15:36
469,10,1.4844,1.7559,1.000000e-03,2026-09-25T10:15:38
470,10,1.5110,1.6884,1.000000e-03,2026-09-25T10:15:40
471,10,1.5105,1.7115,1.000000e-03,2026-09-25T10:15:42
472,10,1.5089,1.7387,1.000000e-03,2026-09-25T10:15:44
473,10,1.4673,1.6738,1.000000e-03,2026-09-25T10:15:46
474,10,1.5228,1.6764,1.000000e-03,2026-09-25T10:15:48
475,10,1.5231,1.7504,1.000000e-03,2026-09-25T10:15:50
476,10,1.5016,1.7627,1.000000e-03,2026-09-25T10:15:52
477,10,1.5232,1.7447,1.000000e-03,2026-09-25T10:15:54
478,10,1.4697,1.7432,1.000000e-03,2026-09-25T10:15:56
479,10,1.4384,1.7171,1.000000e-03,2026-09-25T10:15:58
480,10,1.4776,1.7311,1.000000e-03,2026-09-25T10:16:00
481,10,1.4970,1.7221,1.000000e-03,2026-09-25T10:16:02
482,10,1.5103,1.7586,1.000000e-03,2026-09-25T10:16:04
483,10,1.4468,1.6860,1.000000e-03,2026-09-25T10:16:06
484,10,1.4394,1.7529,1.000000e-03,2026-09-25T10:16:08
485,10,1.4871,1.7561,1.000000e-03,2026-09-25T10:16:10
486,10,1.4569,1.6685,1.000000e-03,2026-09-25T10:16:12
487,10,1.5104,1.7554,1.000000e-03,2026-09-25T10:16:14
488,10,1.4641,1.7039,1.000000e-03,2026-09-25T10:16:16
489,10,1.4496,1.7592,1.000000e-03,2026-09-25T10:16:18
490,10,1.4642,1.7126,1.000000e-03,2026-09-25T10:16:20
491,10,1.4458,1.7532,1.000000e-03,2026-09-25T10:16:22
492,10,1.4492,1.7086,1.000000e-03,2026-09-25T10:16:24
493,10,1.4968,1.7384,1.000000e-03,2026-09-25T10:16:26
494,10,1.5213,1.7050,1.000000e-03,2026-09-25T10:16:28
495,10,1.5032,1.6778,1.000000e-03,2026-09-25T10:16:30
496,10,1.4741,1.6721,1.000000e-03,2026-09-25T10:16:32
497,10,1.4807,1.7039,1.000000e-03,2026-09-25T10:16:34
498,10,1.5218,1.6653,1.000000e-03,2026-09-25T10:16:36
499,10,1.4701,1.7075,1.000000e-03,2026-09-25T10:16:38
500,10,1.5217,1.7499,1.000000e-03,2026-09-25T10:16:40
501,11,1.4033,1.6897,1.000000e-03,2026-09-25T10:16:42
502,11,1.4417,1.7190,1.000000e-03,2026-09-25T10:16:44
503,11,1.4257,1.6608,1.000000e-03,2026-09-25T10:16:46
504,11,1.4111,1.6332,1.000000e-03,2026-09-25T10:16:48
505,11,1.4679,1.6665,1.000000e-03,2026-09-25T10:16:50
506,11,1.4519,1.6853,1.000000e-03,2026-09-25T10:16:52
507,11,1.4462,1.6231,1.000000e-03,2026-09-25T10:16:54
508,11,1.4626,1.6453,1.000000e-03,2026-09-25T10:16:56
509,11,1.4056,1.6775,1.000000e-03,2026-09-25T10:16:58
510,11,1.4006,1.6976,1.000000e-03,2026-09-25T10:17:00
511,11,1.4126,1.6426,1.000000e-03,2026-09-25T10:17:02
512,11,1.4697,1.6539,1.000000e-03,2026-09-25T10:17:04
513,11,1.4074,1.7112,1.000000e-03,2026-09-25T10:17:06
514,11,1.3950,1.7070,1.000000e-03,2026-09-25T10:17:08
515,11,1.4072,1.6340,1.000000e-03,2026-09-25T10:17:10
516,11,1.4163,1.6384,1.000000e-03,2026-09-25T10:17:12
517,11,1.4517,1.6235,1.000000e-03,2026-09-25T10:17:14
518,11,1.3960,1.7001,1.000000e-03,2026-09-25T10:17:16
519,11,1.4152,1.6534,1.000000e-03,2026-09-25T10:17:18
520,11,1.4097,1.6262,1.000000e-03,2026-09-25T10:17:20
521,11,1.4587,1.6737,1.000000e-03,2026-09-25T10:17:22
522,11,1.4590,1.6687,1.000000e-03,2026-09-25T10:17:24
523,11,1.4618,1.6724,1.000000e-03,2026-09-25T10:17:26
524,11,1.4041,1.6714,1.000000e-03,2026-09-25T10:17:28
525,11,1.4763,1.6253,1.000000e-03,2026-09-25T10:17:30
526,11,1.4623,1.7079,1.000000e-03,2026-09-25T10:17:32
527,11,1.4397,1.6669,1.000000e-03,2026-09-25T10:17:34
528,11,1.4779,1.6270,1.000000e-03,2026-09-25T10:17:36
529,11,1.4360,1.6612,1.000000e-03,2026-09-25T10:17:38
530,11,1.4539,1.6701,1.000000e-03,2026-09-25T10:17:40
531,11,1.4732,1.6283,1.000000e-03,2026-09-25T10:17:42
532,11,1.4017,1.6819,1.000000e-03,2026-09-25T10:17:44
533,11,1.4004,1.6485,1.000000e-03,2026-09-25T10:17:46
534,11,1.4493,1.6759,1.000000e-03,2026-09-25T10:17:48
535,11,1.4228,1.7207,1.000000e-03,2026-09-25T10:17:50
536,11,1.4405,1.6664,1.000000e-03,2026-09-25T10:17:52
537,11,1.4469,1.6309,1.000000e-03,2026-09-25T10:17:54
538,11,1.4553,1.7064,1.000000e-03,2026-09-25T10:17:56
539,11,1.4509,1.6980,1.000000e-03,2026-09-25T10:17:58
540,11,1.4569,1.6425,1.000000e-03,2026-09-25T10:18:00
541,11,1.4337,1.6438,1.000000e-03,2026-09-25T10:18:02
542,11,1.4240,1.6664,1.000000e-03,2026-09-25T10:18:04
543,11,1.4306,1.6305,1.000000e-03,2026-09-25T10:18:06
544,11,1.4315,1.6876,1.000000e-03,2026-09-25T10:18:08
545,11,1.4270,1.6362,1.000000e-03,2026-09-25T10:18:10
546,11,1.4743,1.6277,1.000000e-03,2026-09-25T10:18:12
547,11,1.4665,1.6303,1.000000e-03,2026-09-25T10:18:14
548,11,1.4030,1.6950,1.000000e-03,2026-09-25T10:18:16
549,11,1.4647,1.6767,1.000000e-03,2026-09-25T10:18:18
550,11,1.4453,1.6772,1.000000e-03,2026-09-25T10:18:20
551,12,1.3811,1.5929,1.000000e-03,2026-09-25T10:18:22
552,12,1.3831,1.6460,1.000000e-03,2026-09-25T10:18:24
553,12,1.4163,1.6658,1.000000e-03,2026-09-25T10:18:26
554,12,1.4139,1.6756,1.000000e-03,2026-09-25T10:18:28
555,12,1.4038,1.6153,1.000000e-03,2026-09-25T10:18:30
556,12,1.4019,1.6017,1.000000e-03,2026-09-25T10:18:32
557,12,1.4085,1.6028,1.000000e-03,2026-09-25T10:18:34
558,12,1.3626,1.6636,1.000000e-03,2026-09-25T10:18:36
559,12,1.3843,1.6555,1.000000e-03,2026-09-25T10:18:38
560,12,1.4016,1.6598,1.000000e-03,2026-09-25T10:18:40
561,12,1.4242,1.6762,1.000000e-03,2026-09-25T10:18:42
562,12,1.4220,1.6409,1.000000e-03,2026-09-25T10:18:44
563,12,1.4073,1.5835,1.000000e-03,2026-09-25T10:18:46
564,12,1.4313,1.6620,1.000000e-03,2026-09-25T10:18:48
565,12,1.3759,1.5985,1.000000e-03,2026-09-25T10:18:50
566,12,1.4123,1.6111,1.000000e-03,2026-09-25T10:18:52
567,12,1.3819,1.5815,1.000000e-03,2026-09-25T10:18:54
568,12,1.4263,1.6363,1.000000e-03,2026-09-25T10:18:56
569,12,1.3870,1.5948,1.000000e-03,2026-09-25T10:18:58
570,12,1.4065,1.5839,1.000000e-03,2026-09-25T10:19:00
571,12,1.4160,1.6019,1.000000e-03,2026-09-25T10:19:02
572,12,1.3886,1.6142,1.000000e-03,2026-09-25T10:19:04
573,12,1.3845,1.6515,1.000000e-03,2026-09-25T10:19:06
574,12,1.4185,1.6364,1.000000e-03,2026-09-25T10:19:08
575,12,1.3606,1.5861,1.000000e-03,2026-09-25T10:19:10
576,12,1.3667,1.6413,1.000000e-03,2026-09-25T10:19:12
577,12,1.4099,1.6075,1.000000e-03,2026-09-25T10:19:14
578,12,1.4089,1.6284,1.000000e-03,2026-09-25T10:19:16
579,12,1.3905,1.6076,1.000000e-03,2026-09-25T10:19:18
580,12,1.4167,1.5920,1.000000e-03,2026-09-25T10:19:20
581,12,1.3895,1.6086,1.000000e-03,2026-09-25T10:19:22
582,12,1.4103,1.6285,1.000000e-03,2026-09-25T10:19:24
583,12,1.4093,1.5853,1.000000e-03,2026-09-25T10:19:26
584,12,1.3866,1.6395,1.000000e-03,2026-09-25T10:19:28
585,12,1.3541,1.6104,1.000000e-03,2026-09-25T10:19:30
586,12,1.3712,1.5943,1.000000e-03,2026-09-25T10:19:32
587,12,1.3749,1.6130,1.000000e-03,2026-09-25T10:19:34
588,12,1.3541,1.6540,1.000000e-03,2026-09-25T10:19:36
589,12,1.3682,1.6181,1.000000e-03,2026-09-25T10:19:38
590,12,1.4124,1.6298,1.000000e-03,2026-09-25T10:19:40
591,12,1.4233,1.6597,1.000000e-03,2026-09-25T10:19:42
592,12,1.3595,1.6652,1.000000e-03,2026-09-25T10:19:44
593,12,1.3570,1.5827,1.000000e-03,2026-09-25T10:19:46
594,12,1.4306,1.6652,1.000000e-03,2026-09-25T10:19:48
595,12,1.4017,1.6370,1.000000e-03,2026-09-25T10:19:50
596,12,1.4129,1.6218,1.000000e-03,2026-09-25T10:19:52
597,12,1.3631,1.5829,1.000000e-03,2026-09-25T10:19:54
598,12,1.3807,1.6593,1.000000e-03,2026-09-25T10:19:56
599,12,1.4052,1.6623,1.000000e-03,2026-09-25T10:19:58
600,12,1.4305,1.5895,1.000000e-03,2026-09-25T10:20:00
601,13,1.3821,1.5651,1.000000e-03,2026-09-25T10:20:02
602,13,1.3613,1.5918,1.000000e-03,2026-09-25T10:20:04
603,13,1.3456,1.5715,1.000000e-03,2026-09-25T10:20:06
604,13,1.3411,1.5736,1.000000e-03,2026-09-25T10:20:08
605,13,1.3272,1.5906,1.000000e-03,2026-09-25T10:20:10
606,13,1.3228,1.5905,1.000000e-03,2026-09-25T10:20:12
607,13,1.3871,1.5752,1.000000e-03,2026-09-25T10:20:14
608,13,1.3726,1.6200,1.000000e-03,2026-09-25T10:20:16
609,13,1.3797,1.5644,1.000000e-03,2026-09-25T10:20:18
610,13,1.3254,1.5607,1.000000e-03,2026-09-25T10:20:20
611,13,1.3624,1.6144,1.000000e-03,2026-09-25T10:20:22
612,13,1.3667,1.5588,1.000000e-03,2026-09-25T10:20:24
613,13,1.3763,1.5890,1.000000e-03,2026-09-25T10:20:26
614,13,1.3748,1.6143,1.000000e-03,2026-09-25T10:20:28
615,13,1.3500,1.6300,1.000000e-03,2026-09-25T10:20:30
616,13,1.3594,1.6025,1.000000e-03,2026-09-25T10:20:32
617,13,1.3642,1.6243,1.000000e-03,2026-09-25T10:20:34
618,13,1.3644,1.5563,1.000000e-03,2026-09-25T10:20:36
619,13,1.3190,1.5840,1.000000e-03,2026-09-25T10:20:38
620,13,1.3381,1.5681,1.000000e-03,2026-09-25T10:20:40
621,13,1.3181,1.5903,1.000000e-03,2026-09-25T10:20:42
622,13,1.3387,1.5850,1.000000e-03,2026-09-25T10:20:44
623,13,1.3181,1.6212,1.000000e-03,2026-09-25T10:20:46
624,13,1.3197,1.6243,1.000000e-03,2026-09-25T10:20:48
625,13,1.3830,1.6005,1.000000e-03,2026-09-25T10:20:50
626,13,1.3547,1.5860,1.000000e-03,2026-09-25T10:20:52
627,13,1.3585,1.6174,1.000000e-03,2026-09-25T10:20:54
628,13,1.3863,1.5848,1.000000e-03,2026-09-25T10:20:56
629,13,1.3793,1.6040,1.000000e-03,2026-09-25T10:20:58
630,13,1.3396,1.5872,1.000000e-03,2026-09-25T10:21:00
631,13,1.3257,1.5478,1.000000e-03,2026-09-25T10:21:02
632,13,1.3219,1.6276,1.000000e-03,2026-09-25T10:21:04
633,13,1.3414,1.6100,1.000000e-03,2026-09-25T10:21:06
634,13,1.3545,1.5583,1.000000e-03,2026-09-25T10:21:08
635,13,1.3336,1.5836,1.000000e-03,2026-09-25T10:21:10
636,13,1.3492,1.5917,1.000000e-03,2026-09-25T10:21:12
637,13,1.3264,1.5774,1.000000e-03,2026-09-25T10:21:14
638,13,1.3365,1.5809,1.000000e-03,2026-09-25T10:21:16
639,13,1.3410,1.5989,1.000000e-03,2026-09-25T10:21:18
640,13,1.3776,1.6036,1.000000e-03,2026-09-25T10:21:20
641,13,1.3188,1.5509,1.000000e-03,2026-09-25T10:21:22
642,13,1.3686,1.5690,1.000000e-03,2026-09-25T10:21:24
643,13,1.3723,1.6045,1.000000e-03,2026-09-25T10:21:26
644,13,1.3871,1.6252,1.000000e-03,2026-09-25T10:21:28
645,13,1.3406,1.5975,1.000000e-03,2026-09-25T10:21:30
646,13,1.3250,1.5752,1.000000e-03,2026-09-25T10:21:32
647,13,1.3921,1.6085,1.000000e-03,2026-09-25T10:21:34
648,13,1.3453,1.5986,1.000000e-03,2026-09-25T10:21:36
649,13,1.3897,1.5714,1.000000e-03,2026-09-25T10:21:38
650,13,1.3441,1.6174,1.000000e-03,2026-09-25T10:21:40
651,14,1.3388,1.5661,1.000000e-03,2026-09-25T10:21:42
652,14,1.3400,1.5725,1.000000e-03,2026-09-25T10:21:44
653,14,1.3287,1.5528,1.000000e-03,2026-09-25T10:21:46
654,14,1.3256,1.5432,1.000000e-03,2026-09-25T10:21:48
655,14,1.3032,1.5375,1.000000e-03,2026-09-25T10:21:50
656,14,1.2889,1.5237,1.000000e-03,2026-09-25T10:21:52
657,14,1.3494,1.5490,1.000000e-03,2026-09-25T10:21:54
658,14,1.2925,1.5166,1.000000e-03,2026-09-25T10:21:56
659,14,1.2808,1.5824,1.000000e-03,2026-09-25T10:21:58
660,14,1.2826,1.5755,1.000000e-03,2026-09-25T10:22:00
661,14,1.3405,1.5860,1.000000e-03,2026-09-25T10:22:02
662,14,1.2776,1.5351,1.000000e-03,2026-09-25T10:22:04
663,14,1.3351,1.5160,1.000000e-03,2026-09-25T10:22:06
664,14,1.3044,1.5189,1.000000e-03,2026-09-25T10:22:08
665,14,1.3402,1.5755,1.000000e-03,2026-09-25T10:22:10
666,14,1.3385,1.5192,1.000000e-03,2026-09-25T10:22:12
667,14,1.3092,1.5420,1.000000e-03,2026-09-25T10:22:14
668,14,1.3280,1.5259,1.000000e-03,2026-09-25T10:22:16
669,14,1.3097,1.5303,1.000000e-03,2026-09-25T10:22:18
670,14,1.3337,1.5456,1.000000e-03,2026-09-25T10:22:20
671,14,1.3168,1.5326,1.000000e-03,2026-09-25T10:22:22
672,14,1.3384,1.5474,1.000000e-03,2026-09-25T10:22:24
673,14,1.3405,1.5380,1.000000e-03,2026-09-25T10:22:26
674,14,1.3493,1.5954,1.000000e-03,2026-09-25T10:22:28
675,14,1.3111,1.5300,1.000000e-03,2026-09-25T10:22:30
676,14,1.3048,1.5529,1.000000e-03,2026-09-25T10:22:32
677,14,1.3509,1.5798,1.000000e-03,2026-09-25T10:22:34
678,14,1.3378,1.5167,1.000000e-03,2026-09-25T10:22:36
679,14,1.2944,1.5634,1.000000e-03,2026-09-25T10:22:38
680,14,1.3436,1.5554,1.000000e-03,2026-09-25T10:22:40
681,14,1.2828,1.5825,1.000000e-03,2026-09-25T10:22:42
682,14,1.3418,1.5303,1.000000e-03,2026-09-25T10:22:44
683,14,1.3348,1.5292,1.000000e-03,2026-09-25T10:22:46
684,14,1.3461,1.5175,1.000000e-03,2026-09-25T10:22:48
685,14,1.3092,1.5918,1.000000e-03,2026-09-25T10:22:50
686,14,1.2922,1.5458,1.000000e-03,2026-09-25T10:22:52
687,14,1.3022,1.5063,1.000000e-03,2026-09-25T10:22:54
688,14,1.2789,1.5505,1.000000e-03,2026-09-25T10:22:56
689,14,1.2933,1.5963,1.000000e-03,2026-09-25T10:22:58
690,14,1.3042,1.5064,1.000000e-03,2026-09-25T10:23:00
691,14,1.3481,1.5819,1.000000e-03,2026-09-25T10:23:02
692,14,1.3259,1.5774,1.000000e-03,2026-09-25T10:23:04
693,14,1.2855,1.5305,1.000000e-03,2026-09-25T10:23:06
694,14,1.3401,1.5686,1.000000e-03,2026-09-25T10:23:08
695,14,1.2856,1.5694,1.000000e-03,2026-09-25T10:23:10
696,14,1.3100,1.5043,1.000000e-03,2026-09-25T10:23:12
697,14,1.2809,1.5276,1.000000e-03,2026-09-25T10:23:14
698,14,1.3405,1.5549,1.000000e-03,2026-09-25T10:23:16
699,14,1.3320,1.5529,1.000000e-03,2026-09-25T10:23:18
700,14,1.2834,1.5306,1.000000e-03,2026-09-25T10:23:20
701,15,1.2600,1.4710,1.000000e-03,2026-09-25T10:23:22
702,15,1.2691,1.5387,1.000000e-03,2026-09-25T10:23:24
703,15,1.2720,1.4767,1.000000e-03,2026-09-25T10:23:26
704,15,1.3063,1.5208,1.000000e-03,2026-09-25T10:23:28
705,15,1.2383,1.5134,1.000000e-03,2026-09-25T10:23:30
706,15,1.2555,1.4797,1.000000e-03,2026-09-25T10:23:32
707,15,1.2698,1.5225,1.000000e-03,2026-09-25T10:23:34
708,15,1.2554,1.5045,1.000000e-03,2026-09-25T10:23:36
709,15,1.2878,1.4744,1.000000e-03,2026-09-25T10:23:38
710,15,1.3116,1.4728,1.000000e-03,2026-09-25T10:23:40
711,15,1.2773,1.5127,1.000000e-03,2026-09-25T10:23:42
712,15,1.3126,1.5169,1.000000e-03,2026-09-25T10:23:44
713,15,1.2669,1.5093,1.000000e-03,2026-09-25T10:23:46
714,15,1.2856,1.5557,1.000000e-03,2026-09-25T10:23:48
715,15,1.2564,1.4681,1.000000e-03,2026-09-25T10:23:50
716,15,1.2973,1.4980,1.000000e-03,2026-09-25T10:23:52
717,15,1.2931,1.5237,1.000000e-03,2026-09-25T10:23:54
718,15,1.2960,1.5334,1.000000e-03,2026-09-25T10:23:56
719,15,1.2624,1.4707,1.000000e-03,2026-09-25T10:23:58
720,15,1.2788,1.5405,1.000000e-03,2026-09-25T10:24:00
721,15,1.2504,1.5374,1.000000e-03,2026-09-25T10:24:02
722,15,1.2725,1.5298,1.000000e-03,2026-09-25T10:24:04
723,15,1.2853,1.5403,1.000000e-03,2026-09-25T10:24:06
724,15,1.2418,1.5371,1.000000e-03,2026-09-25T10:24:08
725,15,1.2720,1.4933,1.000000e-03,2026-09-25T10:24:10
726,15,1.2404,1.4848,1.000000e-03,2026-09-25T10:24:12
727,15,1.2402,1.5514,1.000000e-03,2026-09-25T10:24:14
728,15,1.2764,1.5564,1.000000e-03,2026-09-25T10:24:16
729,15,1.2785,1.4897,1.000000e-03,2026-09-25T10:24:18
730,15,1.2946,1.4840,1.000000e-03,2026-09-25T10:24:20
731,15,1.2643,1.5375,1.000000e-03,2026-09-25T10:24:22
732,15,1.3032,1.4968,1.000000e-03,2026-09-25T10:24:24
733,15,1.2465,1.5001,1.000000e-03,2026-09-25T10:24:26
734,15,1.3051,1.5341,1.000000e-03,2026-09-25T10:24:28
735,15,1.3055,1.5018,1.000000e-03,2026-09-25T10:24:30
736,15,1.3115,1.5117,1.000000e-03,2026-09-25T10:24:32
737,15,1.2751,1.5505,1.000000e-03,2026-09-25T10:24:34
738,15,1.2767,1.5394,1.000000e-03,2026-09-25T10:24:36
739,15,1.2926,1.4738,1.000000e-03,2026-09-25T10:24:38
740,15,1.2831,1.5413,1.000000e-03,2026-09-25T10:24:40
741,15,1.2787,1.4958,1.000000e-03,2026-09-25T10:24:42
742,15,1.2431,1.5266,1.000000e-03,2026-09-25T10:24:44
743,15,1.2605,1.5213,1.000000e-03,2026-09-25T10:24:46
744,15,1.2696,1.5293,1.000000e-03,2026-09-25T10:24:48
745,15,1.2639,1.4705,1.000000e-03,2026-09-25T10:24:50
746,15,1.3036,1.4987,1.000000e-03,2026-09-25T10:24:52
747,15,1.3134,1.4916,1.000000e-03,2026-09-25T10:24:54
748,15,1.3120,1.5527,1.000000e-03,2026-09-25T10:24:56
749,15,1.2427,1.5245,1.000000e-03,2026-09-25T10:24:58
750,15,1.2648,1.5394,1.000000e-03,2026-09-25T10:25:00
751,16,1.2509,1.5148,1.000000e-03,2026-09-25T10:25:02
752,16,1.2110,1.4842,1.000000e-03,2026-09-25T10:25:04
753,16,1.2585,1.4335,1.000000e-03,2026-09-25T10:25:06
754,16,1.2054,1.4993,1.000000e-03,2026-09-25T10:25:08
755,16,1.2276,1.4643,1.000000e-03,2026-09-25T10:25:10
756,16,1.2426,1.4840,1.000000e-03,2026-09-25T10:25:12
757,16,1.2509,1.5144,1.000000e-03,2026-09-25T10:25:14
758,16,1.2281,1.4980,1.000000e-03,2026-09-25T10:25:16
759,16,1.2431,1.4773,1.000000e-03,2026-09-25T10:25:18
760,16,1.2300,1.4879,1.000000e-03,2026-09-25T10:25:20
761,16,1.2190,1.4405,1.000000e-03,2026-09-25T10:25:22
762,16,1.2551,1.4746,1.000000e-03,2026-09-25T10:25:24
763,16,1.2292,1.4802,1.000000e-03,2026-09-25T10:25:26
764,16,1.2199,1.4535,1.000000e-03,2026-09-25T10:25:28
765,16,1.2336,1.5186,1.000000e-03,2026-09-25T10:25:30
766,16,1.2216,1.5116,1.000000e-03,2026-09-25T10:25:32
767,16,1.2369,1.4413,1.000000e-03,2026-09-25T10:25:34
768,16,1.2638,1.4705,1.000000e-03,2026-09-25T10:25:36
769,16,1.2672,1.4698,1.000000e-03,2026-09-25T10:25:38
770,16,1.2070,1.4908,1.000000e-03,2026-09-25T10:25:40
771,16,1.2632,1.4587,1.000000e-03,2026-09-25T10:25:42
772,16,1.2262,1.4362,1.000000e-03,2026-09-25T10:25:44
773,16,1.2407,1.5093,1.000000e-03,2026-09-25T10:25:46
774,16,1.2637,1.4934,1.000000e-03,2026-09-25T10:25:48
775,16,1.2693,1.4869,1.000000e-03,2026-09-25T10:25:50
776,16,1.2594,1.4755,1.000000e-03,2026-09-25T10:25:52
777,16,1.2095,1.4482,1.000000e-03,2026-09-25T10:25:54
778,16,1.2108,1.5004,1.000000e-03,2026-09-25T10:25:56
779,16,1.2024,1.4795,1.000000e-03,2026-09-25T10:25:58
780,16,1.2278,1.5016,1.000000e-03,2026-09-25T10:26:00
781,16,1.2414,1.4846,1.000000e-03,2026-09-25T10:26:02
782,16,1.2068,1.4578,1.000000e-03,2026-09-25T10:26:04
783,16,1.2747,1.4941,1.000000e-03,2026-09-25T10:26:06
784,16,1.2395,1.4985,1.000000e-03,2026-09-25T10:26:08
785,16,1.2616,1.4370,1.000000e-03,2026-09-25T10:26:10
786,16,1.2726,1.4873,1.000000e-03,2026-09-25T10:26:12
787,16,1.2339,1.4906,1.000000e-03,2026-09-25T10:26:14
788,16,1.2260,1.5081,1.000000e-03,2026-09-25T10:26:16
789,16,1.2584,1.4871,1.000000e-03,2026-09-25T10:26:18
790,16,1.2140,1.5160,1.000000e-03,2026-09-25T10:26:20
791,16,1.2326,1.5110,1.000000e-03,2026-09-25T10:26:22
792,16,1.2046,1.4414,1.000000e-03,2026-09-25T10:26:24
793,16,1.2118,1.4450,1.000000e-03,2026-09-25T10:26:26
794,16,1.2244,1.4932,1.000000e-03,2026-09-25T10:26:28
795,16,1.2261,1.5137,1.000000e-03,2026-09-25T10:26:30
796,16,1.2669,1.5053,1.000000e-03,2026-09-25T10:26:32
797,16,1.2190,1.4867,1.000000e-03,2026-09-25T10:26:34
798,16,1.2413,1.4415,1.000000e-03,2026-09-25T10:26:36
799,16,1.2229,1.4777,1.000000e-03,2026-09-25T10:26:38
800,16,1.2378,1.4454,1.000000e-03,2026-09-25T10:26:40
801,17,1.2328,1.4085,1.000000e-03,2026-09-25T10:26:42
802,17,1.2124,1.4573,1.000000e-03,2026-09-25T10:26:44
803,17,1.2086,1.4679,1.000000e-03,2026-09-25T10:26:46
804,17,1.2056,1.4664,1.000000e-03,2026-09-25T10:26:48
805,17,1.1670,1.3991,1.000000e-03,2026-09-25T10:26:50
806,17,1.2112,1.4449,1.000000e-03,2026-09-25T10:26:52
807,17,1.2119,1.4613,1.000000e-03,2026-09-25T10:26:54
808,17,1.1950,1.4503,1.000000e-03,2026-09-25T10:26:56
809,17,1.2008,1.4493,1.000000e-03,2026-09-25T10:26:58
810,17,1.1858,1.4777,1.000000e-03,2026-09-25T10:27:00
811,17,1.1998,1.4646,1.000000e-03,2026-09-25T10:27:02
812,17,1.2143,1.4208,1.000000e-03,2026-09-25T10:27:04
813,17,1.1702,1.4003,1.000000e-03,2026-09-25T10:27:06
814,17,1.1966,1.4369,1.000000e-03,2026-09-25T10:27:08
815,17,1.1797,1.4475,1.000000e-03,2026-09-25T10:27:10
816,17,1.1875,1.4571,1.000000e-03,2026-09-25T10:27:12
817,17,1.2179,1.4694,1.000000e-03,2026-09-25T10:27:14
818,17,1.2352,1.4064,1.000000e-03,2026-09-25T10:27:16
819,17,1.1917,1.4436,1.000000e-03,2026-09-25T10:27:18
820,17,1.1880,1.4354,1.000000e-03,2026-09-25T10:27:20
821,17,1.1842,1.4165,1.000000e-03,2026-09-25T10:27:22
822,17,1.1719,1.4202,1.000000e-03,2026-09-25T10:27:24
823,17,1.1926,1.4483,1.000000e-03,2026-09-25T10:27:26
824,17,1.1829,1.4698,1.000000e-03,2026-09-25T10:27:28
825,17,1.1765,1.4234,1.000000e-03,2026-09-25T10:27:30
826,17,1.2066,1.4221,1.000000e-03,2026-09-25T10:27:32
827,17,1.2200,1.4381,1.000000e-03,2026-09-25T10:27:34
828,17,1.2021,1.4382,1.000000e-03,2026-09-25T10:27:36
829,17,1.1872,1.3971,1.000000e-03,2026-09-25T10:27:38
830,17,1.2331,1.4388,1.000000e-03,2026-09-25T10:27:40
831,17,1.2346,1.4137,1.000000e-03,2026-09-25T10:27:42
832,17,1.1904,1.3995,1.000000e-03,2026-09-25T10:27:44
833,17,1.2006,1.4713,1.000000e-03,2026-09-25T10:27:46
834,17,1.2121,1.4358,1.000000e-03,2026-09-25T10:27:48
835,17,1.2036,1.4683,1.000000e-03,2026-09-25T10:27:50
836,17,1.1960,1.4713,1.000000e-03,2026-09-25T10:27:52
837,17,1.2174,1.4611,1.000000e-03,2026-09-25T10:27:54
838,17,1.1913,1.4297,1.000000e-03,2026-09-25T10:27:56
839,17,1.2061,1.4119,1.000000e-03,2026-09-25T10:27:58
840,17,1.2048,1.4015,1.000000e-03,2026-09-25T10:28:00
841,17,1.2013,1.4611,1.000000e-03,2026-09-25T10:28:02
842,17,1.1851,1.4805,1.000000e-03,2026-09-25T10:28:04
843,17,1.2140,1.4054,1.000000e-03,2026-09-25T10:28:06
844,17,1.2352,1.4291,1.000000e-03,2026-09-25T10:28:08
845,17,1.2222,1.4244,1.000000e-03,2026-09-25T10:28:10
846,17,1.2326,1.4603,1.000000e-03,2026-09-25T10:28:12
847,17,1.1793,1.4391,1.000000e-03,2026-09-25T10:28:14
848,17,1.2010,1.3991,1.000000e-03,2026-09-25T10:28:16
849,17,1.1748,1.4239,1.000000e-03,2026-09-25T10:28:18
850,17,1.1991,1.4346,1.000000e-03,2026-09-25T10:28:20
851,18,1.1729,1.4041,1.000000e-03,2026-09-25T10:28:22
852,18,1.1535,1.4123,1.000000e-03,2026-09-25T10:28:24
853,18,1.1419,1.4441,1.000000e-03,2026-09-25T10:28:26
854,18,1.1822,1.3859,1.000000e-03,2026-09-25T10:28:28
855,18,1.1541,1.4304,1.000000e-03,2026-09-25T10:28:30
856,18,1.1678,1.4204,1.000000e-03,2026-09-25T10:28:32
857,18,1.1515,1.4294,1.000000e-03,2026-09-25T10:28:34
858,18,1.1563,1.4174,1.000000e-03,2026-09-25T10:28:36
859,18,1.1991,1.4098,1.000000e-03,2026-09-25T10:28:38
860,18,1.1862,1.4217,1.000000e-03,2026-09-25T10:28:40
861,18,1.1786,1.3629,1.000000e-03,2026-09-25T10:28:42
862,18,1.1637,1.4421,1.000000e-03,2026-09-25T10:28:44
863,18,1.1853,1.4260,1.000000e-03,2026-09-25T10:28:46
864,18,1.1709,1.4214,1.000000e-03,2026-09-25T10:28:48
865,18,1.1713,1.3750,1.000000e-03,2026-09-25T10:28:50
866,18,1.1745,1.4129,1.000000e-03,2026-09-25T10:28:52
867,18,1.1894,1.3731,1.000000e-03,2026-09-25T10:28:54
868,18,1.1781,1.3634,1.000000e-03,2026-09-25T10:28:56
869,18,1.1968,1.3699,1.000000e-03,2026-09-25T10:28:58
870,18,1.1319,1.3871,1.000000e-03,2026-09-25T10:29:00
871,18,1.1411,1.4188,1.000000e-03,2026-09-25T10:29:02
872,18,1.1592,1.4259,1.000000e-03,2026-09-25T10:29:04
873,18,1.1949,1.4342,1.000000e-03,2026-09-25T10:29:06
874,18,1.1820,1.3659,1.000000e-03,2026-09-25T10:29:08
875,18,1.1402,1.3781,1.000000e-03,2026-09-25T10:29:10
876,18,1.1533,1.4164,1.000000e-03,2026-09-25T10:29:12
877,18,1.1673,1.3871,1.000000e-03,2026-09-25T10:29:14
878,18,1.1426,1.4375,1.000000e-03,2026-09-25T10:29:16
879,18,1.1545,1.3905,1.000000e-03,2026-09-25T10:29:18
880,18,1.1845,1.4214,1.000000e-03,2026-09-25T10:29:20
881,18,1.1755,1.4191,1.000000e-03,2026-09-25T10:29:22
882,18,1.1732,1.3769,1.000000e-03,2026-09-25T10:29:24
883,18,1.1478,1.4077,1.000000e-03,2026-09-25T10:29:26
884,18,1.1463,1.4426,1.000000e-03,2026-09-25T10:29:28
885,18,1.1513,1.3850,1.000000e-03,2026-09-25T10:29:30
886,18,1.1450,1.4200,1.000000e-03,2026-09-25T10:29:32
887,18,1.1527,1.3901,1.000000e-03,2026-09-25T10:29:34
888,18,1.1958,1.4276,1.000000e-03,2026-09-25T10:29:36
889,18,1.1497,1.3710,1.000000e-03,2026-09-25T10:29:38
890,18,1.1778,1.3927,1.000000e-03,2026-09-25T10:29:40
891,18,1.1991,1.4296,1.000000e-03,2026-09-25T10:29:42
892,18,1.1973,1.4284,1.000000e-03,2026-09-25T10:29:44
893,18,1.1508,1.3849,1.000000e-03,2026-09-25T10:29:46
894,18,1.1805,1.3899,1.000000e-03,2026-09-25T10:29:48
895,18,1.1615,1.3823,1.000000e-03,2026-09-25T10:29:50
896,18,1.1640,1.3777,1.000000e-03,2026-09-25T10:29:52
897,18,1.1682,1.4392,1.000000e-03,2026-09-25T10:29:54
898,18,1.1792,1.3723,1.000000e-03,2026-09-25T10:29:56
899,18,1.1736,1.4101,1.000000e-03,2026-09-25T10:29:58
900,18,1.1475,1.4171,1.000000e-03,2026-09-25T10:30:00
901,19,1.1332,1.3795,1.000000e-03,2026-09-25T10:30:02
902,19,1.1007,1.3610,1.000000e-03,2026-09-25T10:30:04
903,19,1.1458,1.3354,1.000000e-03,2026-09-25T10:30:06
904,19,1.1494,1.3275,1.000000e-03,2026-09-25T10:30:08
905,19,1.1345,1.4034,1.000000e-03,2026-09-25T10:30:10
906,19,1.1247,1.4039,1.000000e-03,2026-09-25T10:30:12
907,19,1.1567,1.3663,1.000000e-03,2026-09-25T10:30:14
908,19,1.1107,1.4062,1.000000e-03,2026-09-25T10:30:16
909,19,1.1189,1.3801,1.000000e-03,2026-09-25T10:30:18
910,19,1.1587,1.3344,1.000000e-03,2026-09-25T10:30:20
911,19,1.1361,1.3710,1.000000e-03,2026-09-25T10:30:22
912,19,1.1462,1.4040,1.000000e-03,2026-09-25T10:30:24
913,19,1.1591,1.3415,1.000000e-03,2026-09-25T10:30:26
914,19,1.1570,1.3415,1.000000e-03,2026-09-25T10:30:28
915,19,1.1595,1.4090,1.000000e-03,2026-09-25T10:30:30
916,19,1.1241,1.3678,1.000000e-03,2026-09-25T10:30:32
917,19,1.1607,1.4061,1.000000e-03,2026-09-25T10:30:34
918,19,1.1600,1.3991,1.000000e-03,2026-09-25T10:30:36
919,19,1.0977,1.3737,1.000000e-03,2026-09-25T10:30:38
920,19,1.1044,1.4078,1.000000e-03,2026-09-25T10:30:40
921,19,1.1164,1.4083,1.000000e-03,2026-09-25T10:30:42
922,19,1.1340,1.3676,1.000000e-03,2026-09-25T10:30:44
923,19,1.1608,1.3970,1.000000e-03,2026-09-25T10:30:46
924,19,1.1289,1.3429,1.000000e-03,2026-09-25T10:30:48
925,19,1.1048,1.3404,1.000000e-03,2026-09-25T10:30:50
926,19,1.1283,1.3482,1.000000e-03,2026-09-25T10:30:52
927,19,1.1098,1.3876,1.000000e-03,2026-09-25T10:30:54
928,19,1.1508,1.3737,1.000000e-03,2026-09-25T10:30:56
929,19,1.1485,1.3415,1.000000e-03,2026-09-25T10:30:58
930,19,1.1552,1.4007,1.000000e-03,2026-09-25T10:31:00
931,19,1.1532,1.3694,1.000000e-03,2026-09-25T10:31:02
932,19,1.1030,1.3820,1.000000e-03,2026-09-25T10:31:04
933,19,1.1097,1.3386,1.000000e-03,2026-09-25T10:31:06
934,19,1.1191,1.3475,1.000000e-03,2026-09-25T10:31:08
935,19,1.1148,1.3464,1.000000e-03,2026-09-25T10:31:10
936,19,1.1483,1.4054,1.000000e-03,2026-09-25T10:31:12
937,19,1.1176,1.3864,1.000000e-03,2026-09-25T10:31:14
938,19,1.0979,1.3808,1.000000e-03,2026-09-25T10:31:16
939,19,1.1441,1.3322,1.000000e-03,2026-09-25T10:31:18
940,19,1.1051,1.3523,1.000000e-03,2026-09-25T10:31:20
941,19,1.1246,1.3684,1.000000e-03,2026-09-25T10:31:22
942,19,1.1579,1.3849,1.000000e-03,2026-09-25T10:31:24
943,19,1.1182,1.3367,1.000000e-03,2026-09-25T10:31:26
944,19,1.1593,1.3513,1.000000e-03,2026-09-25T10:31:28
945,19,1.1388,1.3451,1.000000e-03,2026-09-25T10:31:30
946,19,1.1062,1.3397,1.000000e-03,2026-09-25T10:31:32
947,19,1.1479,1.3768,1.000000e-03,2026-09-25T10:31:34
948,19,1.1253,1.3722,1.000000e-03,2026-09-25T10:31:36
949,19,1.1291,1.3712,1.000000e-03,2026-09-25T10:31:38
950,19,1.1422,1.3450,1.000000e-03,2026-09-25T10:31:40
951,20,1.0810,1.3548,5.000000e-04,2026-09-25T10:31:42
952,20,1.1222,1.3009,5.000000e-04,2026-09-25T10:31:44
953,20,1.0941,1.3507,5.000000e-04,2026-09-25T10:31:46
954,20,1.0698,1.3395,5.000000e-04,2026-09-25T10:31:48
955,20,1.0688,1.3382,5.000000e-04,2026-09-25T10:31:50
956,20,1.0980,1.3402,5.000000e-04,2026-09-25T10:31:52
957,20,1.0746,1.3206,5.000000e-04,2026-09-25T10:31:54
958,20,1.0990,1.3036,5.000000e-04,2026-09-25T10:31:56
959,20,1.0782,1.3410,5.000000e-04,2026-09-25T10:31:58
960,20,1.0707,1.3352,5.000000e-04,2026-09-25T10:32:00
961,20,1.1180,1.3306,5.000000e-04,2026-09-25T10:32:02
962,20,1.0985,1.3309,5.000000e-04,2026-09-25T10:32:04
963,20,1.0685,1.3314,5.000000e-04,2026-09-25T10:32:06
964,20,1.1178,1.3522,5.000000e-04,2026-09-25T10:32:08
965,20,1.0908,1.3597,5.000000e-04,2026-09-25T10:32:10
966,20,1.1138,1.3406,5.000000e-04,2026-09-25T10:32:12
967,20,1.0677,1.3219,5.000000e-04,2026-09-25T10:32:14
968,20,1.0689,1.3739,5.000000e-04,2026-09-25T10:32:16
969,20,1.1262,1.2999,5.000000e-04,2026-09-25T10:32:18
970,20,1.1262,1.2969,5.000000e-04,2026-09-25T10:32:20
971,20,1.0916,1.3559,5.000000e-04,2026-09-25T10:32:22
972,20,1.1151,1.3727,5.000000e-04,2026-09-25T10:32:24
973,20,1.1072,1.3280,5.000000e-04,2026-09-25T10:32:26
974,20,1.1301,1.3250,5.000000e-04,2026-09-25T10:32:28
975,20,1.1220,1.3669,5.000000e-04,2026-09-25T10:32:30
976,20,1.0894,1.3490,5.000000e-04,2026-09-25T10:32:32
977,20,1.1083,1.3375,5.000000e-04,2026-09-25T10:32:34
978,20,1.1077,1.3222,5.000000e-04,2026-09-25T10:32:36
979,20,1.0764,1.3374,5.000000e-04,2026-09-25T10:32:38
980,20,1.0995,1.3526,5.000000e-04,2026-09-25T10:32:40
981,20,1.0794,1.2946,5.000000e-04,2026-09-25T10:32:42
982,20,1.0662,1.3182,5.000000e-04,2026-09-25T10:32:44
983,20,1.1090,1.3379,5.000000e-04,2026-09-25T10:32:46
984,20,1.0997,1.3603,5.000000e-04,2026-09-25T10:32:48
985,20,1.0810,1.3221,5.000000e-04,2026-09-25T10:32:50
986,20,1.0828,1.3694,5.000000e-04,2026-09-25T10:32:52
987,20,1.1124,1.3034,5.000000e-04,2026-09-25T10:32:54
988,20,1.1180,1.3279,5.000000e-04,2026-09-25T10:32:56
989,20,1.1151,1.3651,5.000000e-04,2026-09-25T10:32:58
990,20,1.0657,1.3108,5.000000e-04,2026-09-25T10:33:00
991,20,1.0713,1.2970,5.000000e-04,2026-09-25T10:33:02
992,20,1.1041,1.3506,5.000000e-04,2026-09-25T10:33:04
993,20,1.0679,1.3536,5.000000e-04,2026-09-25T10:33:06
994,20,1.0912,1.3131,5.000000e-04,2026-09-25T10:33:08
995,20,1.0790,1.3635,5.000000e-04,2026-09-25T10:33:10
996,20,1.0684,1.3347,5.000000e-04,2026-09-25T10:33:12
997,20,1.0837,1.3596,5.000000e-04,2026-09-25T10:33:14
998,20,1.1129,1.3199,5.000000e-04,2026-09-25T10:33:16
999,20,1.1041,1.3482,5.000000e-04,2026-09-25T10:33:18
1000,20,1.0858,1.3185,5.000000e-04,2026-09-25T10:33:20
1001,21,1.0424,1.3139,5.000000e-04,2026-09-25T10:33:22
1002,21,1.0474,1.2858,5.000000e-04,2026-09-25T10:33:24
1003,21,1.0371,1.3364,5.000000e-04,2026-09-25T10:33:26
1004,21,1.0895,1.3336,5.000000e-04,2026-09-25T10:33:28
1005,21,1.0732,1.2957,5.000000e-04,2026-09-25T10:33:30
1006,21,1.0649,1.3383,5.000000e-04,2026-09-25T10:33:32
1007,21,1.0934,1.3148,5.000000e-04,2026-09-25T10:33:34
1008,21,1.0834,1.2873,5.000000e-04,2026-09-25T10:33:36
1009,21,1.0598,1.2740,5.000000e-04,2026-09-25T10:33:38
1010,21,1.0573,1.3213,5.000000e-04,2026-09-25T10:33:40
1011,21,1.0635,1.3287,5.000000e-04,2026-09-25T10:33:42
1012,21,1.0524,1.3176,5.000000e-04,2026-09-25T10:33:44
1013,21,1.0847,1.3338,5.000000e-04,2026-09-25T10:33:46
1014,21,1.0692,1.3379,5.000000e-04,2026-09-25T10:33:48
1015,21,1.0688,1.2728,5.000000e-04,2026-09-25T10:33:50
1016,21,1.0487,1.2783,5.000000e-04,2026-09-25T10:33:52
1017,21,1.0746,1.3344,5.000000e-04,2026-09-25T10:33:54
1018,21,1.0874,1.2696,5.000000e-04,2026-09-25T10:33:56
1019,21,1.0795,1.2773,5.000000e-04,2026-09-25T10:33:58
1020,21,1.0504,1.3150,5.000000e-04,2026-09-25T10:34:00
1021,21,1.0718,1.3306,5.000000e-04,2026-09-25T10:34:02
1022,21,1.0453,1.3219,5.000000e-04,2026-09-25T10:34:04
1023,21,1.0795,1.3060,5.000000e-04,2026-09-25T10:34:06
1024,21,1.0639,1.3303,5.000000e-04,2026-09-25T10:34:08
1025,21,8.4361,1.3371,5.000000e-04,2026-09-25T10:34:10
1026,21,4.1368,1.3356,5.000000e-04,2026-09-25T10:34:12
1027,21,1.0947,1.2715,5.000000e-04,2026-09-25T10:34:14
1028,21,1.0971,1.2998,5.000000e-04,2026-09-25T10:34:16
1029,21,1.0487,1.3096,5.000000e-04,2026-09-25T10:34:18
1030,21,1.0463,1.3338,5.000000e-04,2026-09-25T10:34:20
1031,21,1.0685,1.3229,5.000000e-04,2026-09-25T10:34:22
1032,21,1.0576,1.3040,5.000000e-04,2026-09-25T10:34:24
1033,21,1.0562,1.2828,5.000000e-04,2026-09-25T10:34:26
1034,21,1.0660,1.3012,5.000000e-04,2026-09-25T10:34:28
1035,21,1.0395,1.3390,5.000000e-04,2026-09-25T10:34:30
1036,21,1.0632,1.3279,5.000000e-04,2026-09-25T10:34:32
1037,21,1.0917,1.2913,5.000000e-04,2026-09-25T10:34:34
1038,21,1.0597,1.3063,5.000000e-04,2026-09-25T10:34:36
1039,21,1.0474,1.2738,5.000000e-04,2026-09-25T10:34:38
1040,21,1.0499,1.3354,5.000000e-04,2026-09-25T10:34:40
1041,21,1.0702,1.2950,5.000000e-04,2026-09-25T10:34:42
1042,21,1.0430,1.2881,5.000000e-04,2026-09-25T10:34:44
1043,21,1.0575,1.3275,5.000000e-04,2026-09-25T10:34:46
1044,21,1.0651,1.3135,5.000000e-04,2026-09-25T10:34:48
1045,21,1.0770,1.2825,5.000000e-04,2026-09-25T10:34:50
1046,21,1.0857,1.3378,5.000000e-04,2026-09-25T10:34:52
1047,21,1.0742,1.3007,5.000000e-04,2026-09-25T10:34:54
1048,21,1.0440,1.3245,5.000000e-04,2026-09-25T10:34:56
1049,21,1.0440,1.3186,5.000000e-04,2026-09-25T10:34:58
1050,21,1.0644,1.3340,5.000000e-04,2026-09-25T10:35:00
1051,22,1.0363,1.2801,5.000000e-04,2026-09-25T10:35:02
1052,22,1.0063,1.2338,5.000000e-04,2026-09-25T10:35:04
1053,22,1.0552,1.3032,5.000000e-04,2026-09-25T10:35:06
1054,22,1.0441,1.2894,5.000000e-04,2026-09-25T10:35:08
1055,22,1.0283,1.2954,5.000000e-04,2026-09-25T10:35:10
1056,22,1.0170,1.2851,5.000000e-04,2026-09-25T10:35:12
1057,22,1.0033,1.2697,5.000000e-04,2026-09-25T10:35:14
1058,22,1.0258,1.2783,5.000000e-04,2026-09-25T10:35:16
1059,22,1.0440,1.2782,5.000000e-04,2026-09-25T10:35:18
1060,22,1.0327,1.2684,5.000000e-04,2026-09-25T10:35:20
1061,22,1.0031,1.2732,5.000000e-04,2026-09-25T10:35:22
1062,22,1.0034,1.2715,5.000000e-04,2026-09-25T10:35:24
1063,22,1.0197,1.3057,5.000000e-04,2026-09-25T10:35:26
1064,22,1.0038,1.2931,5.000000e-04,2026-09-25T10:35:28
1065,22,1.0445,1.2926,5.000000e-04,2026-09-25T10:35:30
1066,22,1.0591,1.2394,5.000000e-04,2026-09-25T10:35:32
1067,22,1.0087,1.2426,5.000000e-04,2026-09-25T10:35:34
1068,22,1.0146,1.2713,5.000000e-04,2026-09-25T10:35:36
1069,22,1.0533,1.2516,5.000000e-04,2026-09-25T10:35:38
1070,22,1.0273,1.2596,5.000000e-04,2026-09-25T10:35:40
1071,22,1.0279,1.2742,5.000000e-04,2026-09-25T10:35:42
1072,22,1.0641,1.2484,5.000000e-04,2026-09-25T10:35:44
1073,22,1.0451,1.2958,5.000000e-04,2026-09-25T10:35:46
1074,22,1.0432,1.2966,5.000000e-04,2026-09-25T10:35:48
1075,22,1.0498,1.2383,5.000000e-04,2026-09-25T10:35:50
1076,22,1.0262,1.2733,5.000000e-04,2026-09-25T10:35:52
1077,22,1.0062,1.2319,5.000000e-04,2026-09-25T10:35:54
1078,22,1.0133,1.2693,5.000000e-04,2026-09-25T10:35:56
1079,22,1.0296,1.2909,5.000000e-04,2026-09-25T10:35:58
1080,22,1.0378,1.2966,5.000000e-04,2026-09-25T10:36:00
1081,22,1.0086,1.2714,5.000000e-04,2026-09-25T10:36:02
1082,22,1.0053,1.2473,5.000000e-04,2026-09-25T10:36:04
1083,22,1.0565,1.2988,5.000000e-04,2026-09-25T10:36:06
1084,22,1.0322,1.2348,5.000000e-04,2026-09-25T10:36:08
1085,22,1.0073,1.3017,5.000000e-04,2026-09-25T10:36:10
1086,22,1.0585,1.2741,5.000000e-04,2026-09-25T10:36:12
1087,22,1.0047,1.3019,5.000000e-04,2026-09-25T10:36:14
1088,22,1.0222,1.3044,5.000000e-04,2026-09-25T10:36:16
1089,22,1.0391,1.2885,5.000000e-04,2026-09-25T10:36:18
1090,22,1.0469,1.2615,5.000000e-04,2026-09-25T10:36:20
1091,22,1.0075,1.2436,5.000000e-04,2026-09-25T10:36:22
1092,22,1.0176,1.2948,5.000000e-04,2026-09-25T10:36:24
1093,22,1.0268,1.2995,5.000000e-04,2026-09-25T10:36:26
1094,22,1.0233,1.2888,5.000000e-04,2026-09-25T10:36:28
1095,22,1.0114,1.3065,5.000000e-04,2026-09-25T10:36:30
1096,22,1.0476,1.2693,5.000000e-04,2026-09-25T10:36:32
1097,22,1.0631,1.2353,5.000000e-04,2026-09-25T10:36:34
1098,22,1.0298,1.2951,5.000000e-04,2026-09-25T10:36:36
1099,22,1.0238,1.2898,5.000000e-04,2026-09-25T10:36:38
1100,22,1.0619,1.2614,5.000000e-04,2026-09-25T10:36:40
1101,23,1.0196,1.2030,5.000000e-04,2026-09-25T10:36:42
1102,23,0.9895,1.2745,5.000000e-04,2026-09-25T10:36:44
1103,23,1.0026,1.2272,5.000000e-04,2026-09-25T10:36:46
1104,23,1.0297,1.2329,5.000000e-04,2026-09-25T10:36:48
1105,23,1.0140,1.2499,5.000000e-04,2026-09-25T10:36:50
1106,23,0.9782,1.2468,5.000000e-04,2026-09-25T10:36:52
1107,23,1.0211,1.2538,5.000000e-04,2026-09-25T10:36:54
1108,23,0.9780,1.2123,5.000000e-04,2026-09-25T10:36:56
1109,23,1.0159,1.2479,5.000000e-04,2026-09-25T10:36:58
1110,23,1.0176,1.2243,5.000000e-04,2026-09-25T10:37:00
1111,23,0.9795,1.2012,5.000000e-04,2026-09-25T10:37:02
1112,23,0.9916,1.2275,5.000000e-04,2026-09-25T10:37:04
1113,23,0.9893,1.2107,5.000000e-04,2026-09-25T10:37:06
1114,23,0.9843,1.2342,5.000000e-04,2026-09-25T10:37:08
1115,23,1.0064,1.2311,5.000000e-04,2026-09-25T10:37:10
1116,23,0.9746,1.2271,5.000000e-04,2026-09-25T10:37:12
1117,23,0.9787,1.2452,5.000000e-04,2026-09-25T10:37:14
1118,23,0.9926,1.2294,5.000000e-04,2026-09-25T10:37:16
1119,23,0.9906,1.2296,5.000000e-04,2026-09-25T10:37:18
1120,23,0.9782,1.2677,5.000000e-04,2026-09-25T10:37:20
1121,23,1.0275,1.2735,5.000000e-04,2026-09-25T10:37:22
1122,23,1.0075,1.2134,5.000000e-04,2026-09-25T10:37:24
1123,23,0.9960,1.2111,5.000000e-04,2026-09-25T10:37:26
1124,23,0.9912,1.2374,5.000000e-04,2026-09-25T10:37:28
1125,23,0.9769,1.2331,5.000000e-04,2026-09-25T10:37:30
1126,23,0.9984,1.2368,5.000000e-04,2026-09-25T10:37:32
1127,23,0.9777,1.2195,5.000000e-04,2026-09-25T10:37:34
1128,23,0.9879,1.2472,5.000000e-04,2026-09-25T10:37:36
1129,23,1.0088,1.2153,5.000000e-04,2026-09-25T10:37:38
1130,23,0.9795,1.2234,5.000000e-04,2026-09-25T10:37:40
1131,23,1.0302,1.2255,5.000000e-04,2026-09-25T10:37:42
1132,23,1.0104,1.2605,5.000000e-04,2026-09-25T10:37:44
1133,23,0.9929,1.2257,5.000000e-04,2026-09-25T10:37:46
1134,23,1.0221,1.2647,5.000000e-04,2026-09-25T10:37:48
1135,23,1.0317,1.2109,5.000000e-04,2026-09-25T10:37:50
1136,23,0.9924,1.2712,5.000000e-04,2026-09-25T10:37:52
1137,23,0.9851,1.2241,5.000000e-04,2026-09-25T10:37:54
1138,23,1.0311,1.2728,5.000000e-04,2026-09-25T10:37:56
1139,23,0.9906,1.2524,5.000000e-04,2026-09-25T10:37:58
1140,23,1.0026,1.2436,5.000000e-04,2026-09-25T10:38:00
1141,23,0.9876,1.2287,5.000000e-04,2026-09-25T10:38:02
1142,23,1.0222,1.2300,5.000000e-04,2026-09-25T10:38:04
1143,23,0.9799,1.2427,5.000000e-04,2026-09-25T10:38:06
1144,23,1.0087,1.2413,5.000000e-04,2026-09-25T10:38:08
1145,23,1.0141,1.2417,5.000000e-04,2026-09-25T10:38:10
1146,23,1.0304,1.2351,5.000000e-04,2026-09-25T10:38:12
1147,23,1.0157,1.2334,5.000000e-04,2026-09-25T10:38:14
1148,23,0.9906,1.2523,5.000000e-04,2026-09-25T10:38:16
1149,23,1.0224,1.2599,5.000000e-04,2026-09-25T10:38:18
1150,23,0.9977,1.2379,5.000000e-04,2026-09-25T10:38:20
1151,24,0.9813,1.1887,5.000000e-04,2026-09-25T10:38:22
1152,24,0.9828,1.2230,5.000000e-04,2026-09-25T10:38:24
1153,24,0.9904,1.1765,5.000000e-04,2026-09-25T10:38:26
1154,24,1.0022,1.2059,5.000000e-04,2026-09-25T10:38:28
1155,24,0.9677,1.2079,5.000000e-04,2026-09-25T10:38:30
1156,24,0.9981,1.2213,5.000000e-04,2026-09-25T10:38:32
1157,24,0.9761,1.2284,5.000000e-04,2026-09-25T10:38:34
1158,24,0.9653,1.2360,5.000000e-04,2026-09-25T10:38:36
1159,24,0.9757,1.2174,5.000000e-04,2026-09-25T10:38:38
1160,24,0.9493,1.2269,5.000000e-04,2026-09-25T10:38:40
1161,24,0.9827,1.1969,5.000000e-04,2026-09-25T10:38:42
1162,24,0.9821,1.1744,5.000000e-04,2026-09-25T10:38:44
1163,24,1.0018,1.2202,5.000000e-04,2026-09-25T10:38:46
1164,24,0.9676,1.2257,5.000000e-04,2026-09-25T10:38:48
1165,24,1.0007,1.2023,5.000000e-04,2026-09-25T10:38:50
1166,24,0.9449,1.1899,5.000000e-04,2026-09-25T10:38:52
1167,24,0.9741,1.2087,5.000000e-04,2026-09-25T10:38:54
1168,24,0.9782,1.2128,5.000000e-04,2026-09-25T10:38:56
1169,24,0.9703,1.1995,5.000000e-04,2026-09-25T10:38:58
1170,24,0.9894,1.2138,5.000000e-04,2026-09-25T10:39:00
1171,24,0.9735,1.1962,5.000000e-04,2026-09-25T10:39:02
1172,24,0.9457,1.1787,5.000000e-04,2026-09-25T10:39:04
1173,24,0.9686,1.2408,5.000000e-04,2026-09-25T10:39:06
1174,24,0.9511,1.2393,5.000000e-04,2026-09-25T10:39:08
1175,24,0.9526,1.1938,5.000000e-04,2026-09-25T10:39:10
1176,24,0.9709,1.1862,5.000000e-04,2026-09-25T10:39:12
1177,24,0.9725,1.2057,5.000000e-04,2026-09-25T10:39:14
1178,24,0.9699,1.2216,5.000000e-04,2026-09-25T10:39:16
1179,24,0.9629,1.1929,5.000000e-04,2026-09-25T10:39:18
1180,24,0.9916,1.1795,5.000000e-04,2026-09-25T10:39:20
1181,24,0.9939,1.2181,5.000000e-04,2026-09-25T10:39:22
1182,24,0.9839,1.1831,5.000000e-04,2026-09-25T10:39:24
1183,24,1.0018,1.1888,5.000000e-04,2026-09-25T10:39:26
1184,24,0.9545,1.1828,5.000000e-04,2026-09-25T10:39:28
1185,24,0.9770,1.2406,5.000000e-04,2026-09-25T10:39:30
1186,24,0.9578,1.2005,5.000000e-04,2026-09-25T10:39:32
1187,24,0.9551,1.2176,5.000000e-04,2026-09-25T10:39:34
1188,24,0.9695,1.1733,5.000000e-04,2026-09-25T10:39:36
1189,24,0.9802,1.1855,5.000000e-04,2026-09-25T10:39:38
1190,24,0.9789,1.1993,5.000000e-04,2026-09-25T10:39:40
1191,24,0.9855,1.1861,5.000000e-04,2026-09-25T10:39:42
1192,24,0.9882,1.2298,5.000000e-04,2026-09-25T10:39:44
1193,24,0.9480,1.1785,5.000000e-04,2026-09-25T10:39:46
1194,24,0.9952,1.1847,5.000000e-04,2026-09-25T10:39:48
1195,24,0.9633,1.2043,5.000000e-04,2026-09-25T10:39:50
1196,24,0.9596,1.2337,5.000000e-04,2026-09-25T10:39:52
1197,24,0.9751,1.2175,5.000000e-04,2026-09-25T10:39:54
1198,24,0.9792,1.2154,5.000000e-04,2026-09-25T10:39:56
1199,24,0.9786,1.1964,5.000000e-04,2026-09-25T10:39:58
1200,24,0.9937,1.2159,5.000000e-04,2026-09-25T10:40:00
1201,25,0.9625,1.1921,5.000000e-04,2026-09-25T10:40:02
1202,25,0.9333,1.1857,5.000000e-04,2026-09-25T10:40:04
1203,25,0.9212,1.1517,5.000000e-04,2026-09-25T10:40:06
1204,25,0.9231,1.1638,5.000000e-04,2026-09-25T10:40:08
1205,25,0.9268,1.1912,5.000000e-04,2026-09-25T10:40:10
1206,25,0.9453,1.1718,5.000000e-04,2026-09-25T10:40:12
1207,25,0.9242,1.1694,5.000000e-04,2026-09-25T10:40:14
1208,25,0.9269,1.1871,5.000000e-04,2026-09-25T10:40:16
1209,25,0.9557,1.1878,5.000000e-04,2026-09-25T10:40:18
1210,25,0.9731,1.1815,5.000000e-04,2026-09-25T10:40:20
1211,25,0.9441,1.1522,5.000000e-04,2026-09-25T10:40:22
1212,25,0.9342,1.1741,5.000000e-04,2026-09-25T10:40:24
1213,25,0.9194,1.1676,5.000000e-04,2026-09-25T10:40:26
1214,25,0.9169,1.1519,5.000000e-04,2026-09-25T10:40:28
1215,25,0.9626,1.2103,5.000000e-04,2026-09-25T10:40:30
1216,25,0.9450,1.1772,5.000000e-04,2026-09-25T10:40:32
1217,25,0.9552,1.1716,5.000000e-04,2026-09-25T10:40:34
1218,25,0.9640,1.1768,5.000000e-04,2026-09-25T10:40:36
1219,25,0.9211,1.1444,5.000000e-04,2026-09-25T10:40:38
1220,25,0.9595,1.1629,5.000000e-04,2026-09-25T10:40:40
1221,25,0.9320,1.1802,5.000000e-04,2026-09-25T10:40:42
1222,25,0.9259,1.1746,5.000000e-04,2026-09-25T10:40:44
1223,25,0.9585,1.1964,5.000000e-04,2026-09-25T10:40:46
1224,25,0.9476,1.1502,5.000000e-04,2026-09-25T10:40:48
1225,25,0.9229,1.1970,5.000000e-04,2026-09-25T10:40:50
1226,25,0.9631,1.1682,5.000000e-04,2026-09-25T10:40:52
1227,25,0.9630,1.1452,5.000000e-04,2026-09-25T10:40:54
1228,25,0.9571,1.1809,5.000000e-04,2026-09-25T10:40:56
1229,25,0.9725,1.1495,5.000000e-04,2026-09-25T10:40:58
1230,25,0.9634,1.1953,5.000000e-04,2026-09-25T10:41:00
1231,25,0.9333,1.2129,5.000000e-04,2026-09-25T10:41:02
1232,25,0.9419,1.1669,5.000000e-04,2026-09-25T10:41:04
1233,25,0.9627,1.1733,5.000000e-04,2026-09-25T10:41:06
1234,25,0.9727,1.1970,5.000000e-04,2026-09-25T10:41:08
1235,25,0.9298,1.1995,5.000000e-04,2026-09-25T10:41:10
1236,25,0.9497,1.1670,5.000000e-04,2026-09-25T10:41:12
1237,25,0.9567,1.1870,5.000000e-04,2026-09-25T10:41:14
1238,25,0.9258,1.1521,5.000000e-04,2026-09-25T10:41:16
1239,25,0.9281,1.1569,5.000000e-04,2026-09-25T10:41:18
1240,25,0.9198,1.1670,5.000000e-04,2026-09-25T10:41:20
1241,25,0.9323,1.1803,5.000000e-04,2026-09-25T10:41:22
1242,25,0.9347,1.1920,5.000000e-04,2026-09-25T10:41:24
1243,25,0.9328,1.1611,5.000000e-04,2026-09-25T10:41:26
1244,25,0.9650,1.2119,5.000000e-04,2026-09-25T10:41:28
1245,25,0.9549,1.1490,5.000000e-04,2026-09-25T10:41:30
1246,25,0.9710,1.1978,5.000000e-04,2026-09-25T10:41:32
1247,25,0.9685,1.2124,5.000000e-04,2026-09-25T10:41:34
1248,25,0.9655,1.1512,5.000000e-04,2026-09-25T10:41:36
1249,25,0.9655,1.1599,5.000000e-04,2026-09-25T10:41:38
1250,25,0.9567,1.2008,5.000000e-04,2026-09-25T10:41:40
1251,26,0.9312,1.1606,5.000000e-04,2026-09-25T10:41:42
1252,26,0.9162,1.1538,5.000000e-04,2026-09-25T10:41:44
1253,26,0.9041,1.1426,5.000000e-04,2026-09-25T10:41:46
1254,26,0.9142,1.1577,5.000000e-04,2026-09-25T10:41:48
1255,26,0.9377,1.1205,5.000000e-04,2026-09-25T10:41:50
1256,26,0.9177,1.1332,5.000000e-04,2026-09-25T10:41:52
1257,26,0.9408,1.1395,5.000000e-04,2026-09-25T10:41:54
1258,26,0.9416,1.1366,5.000000e-04,2026-09-25T10:41:56
1259,26,0.8894,1.1674,5.000000e-04,2026-09-25T10:41:58
1260,26,0.9296,1.1644,5.000000e-04,2026-09-25T10:42:00
1261,26,0.9145,1.1598,5.000000e-04,2026-09-25T10:42:02
1262,26,0.9090,1.1184,5.000000e-04,2026-09-25T10:42:04
1263,26,0.9187,1.1291,5.000000e-04,2026-09-25T10:42:06
1264,26,0.9129,1.1286,5.000000e-04,2026-09-25T10:42:08
1265,26,0.9041,1.1711,5.000000e-04,2026-09-25T10:42:10
1266,26,0.9079,1.1539,5.000000e-04,2026-09-25T10:42:12
1267,26,0.9205,1.1475,5.000000e-04,2026-09-25T10:42:14
1268,26,0.9082,1.1611,5.000000e-04,2026-09-25T10:42:16
1269,26,0.8920,1.1209,5.000000e-04,2026-09-25T10:42:18
1270,26,0.9324,1.1457,5.000000e-04,2026-09-25T10:42:20
1271,26,0.8961,1.1731,5.000000e-04,2026-09-25T10:42:22
1272,26,0.9136,1.1141,5.000000e-04,2026-09-25T10:42:24
1273,26,0.9420,1.1280,5.000000e-04,2026-09-25T10:42:26
1274,26,0.9272,1.1231,5.000000e-04,2026-09-25T10:42:28
1275,26,0.9251,1.1250,5.000000e-04,2026-09-25T10:42:30
1276,26,0.9406,1.1329,5.000000e-04,2026-09-25T10:42:32
1277,26,0.9253,1.1313,5.000000e-04,2026-09-25T10:42:34
1278,26,0.9098,1.1763,5.000000e-04,2026-09-25T10:42:36
1279,26,0.8984,1.1414,5.000000e-04,2026-09-25T10:42:38
1280,26,0.9061,1.1622,5.000000e-04,2026-09-25T10:42:40
1281,26,0.9022,1.1592,5.000000e-04,2026-09-25T10:42:42
1282,26,0.9280,1.1141,5.000000e-04,2026-09-25T10:42:44
1283,26,0.9155,1.1232,5.000000e-04,2026-09-25T10:42:46
1284,26,0.9018,1.1609,5.000000e-04,2026-09-25T10:42:48
1285,26,0.8898,1.1620,5.000000e-04,2026-09-25T10:42:50
1286,26,0.9343,1.1821,5.000000e-04,2026-09-25T10:42:52
1287,26,0.9125,1.1232,5.000000e-04,2026-09-25T10:42:54
1288,26,0.8932,1.1404,5.000000e-04,2026-09-25T10:42:56
1289,26,0.9295,1.1211,5.000000e-04,2026-09-25T10:42:58
1290,26,0.9065,1.1748,5.000000e-04,2026-09-25T10:43:00
1291,26,0.8969,1.1673,5.000000e-04,2026-09-25T10:43:02
1292,26,0.9307,1.1232,5.000000e-04,2026-09-25T10:43:04
1293,26,0.9439,1.1239,5.000000e-04,2026-09-25T10:43:06
1294,26,0.9185,1.1146,5.000000e-04,2026-09-25T10:43:08
1295,26,0.9251,1.1444,5.000000e-04,2026-09-25T10:43:10
1296,26,0.9290,1.1573,5.000000e-04,2026-09-25T10:43:12
1297,26,0.8976,1.1424,5.000000e-04,2026-09-25T10:43:14
1298,26,0.9271,1.1733,5.000000e-04,2026-09-25T10:43:16
1299,26,0.8941,1.1210,5.000000e-04,2026-09-25T10:43:18
1300,26,0.9307,1.1547,5.000000e-04,2026-09-25T10:43:20
1301,27,0.8835,1.1513,5.000000e-04,2026-09-25T10:43:22
1302,27,0.8798,1.0959,5.000000e-04,2026-09-25T10:43:24
1303,27,0.8778,1.0922,5.000000e-04,2026-09-25T10:43:26
1304,27,0.8926,1.1269,5.000000e-04,2026-09-25T10:43:28
1305,27,0.8955,1.1389,5.000000e-04,2026-09-25T10:43:30
1306,27,0.8999,1.1435,5.000000e-04,2026-09-25T10:43:32
1307,27,0.8982,1.1068,5.000000e-04,2026-09-25T10:43:34
1308,27,0.8907,1.1208,5.000000e-04,2026-09-25T10:43:36
1309,27,0.9029,1.1064,5.000000e-04,2026-09-25T10:43:38
1310,27,0.8659,1.1469,5.000000e-04,2026-09-25T10:43:40
1311,27,0.9140,1.1198,5.000000e-04,2026-09-25T10:43:42
1312,27,0.8690,1.1201,5.000000e-04,2026-09-25T10:43:44
1313,27,0.8947,1.1220,5.000000e-04,2026-09-25T10:43:46
1314,27,0.9152,1.1529,5.000000e-04,2026-09-25T10:43:48
1315,27,0.9129,1.0954,5.000000e-04,2026-09-25T10:43:50
1316,27,0.9090,1.1247,5.000000e-04,2026-09-25T10:43:52
1317,27,0.8825,1.1324,5.000000e-04,2026-09-25T10:43:54
1318,27,0.9037,1.1507,5.000000e-04,2026-09-25T10:43:56
1319,27,0.9041,1.0877,5.000000e-04,2026-09-25T10:43:58
1320,27,0.8666,1.1042,5.000000e-04,2026-09-25T10:44:00
1321,27,0.8652,1.0906,5.000000e-04,2026-09-25T10:44:02
1322,27,0.9052,1.1206,5.000000e-04,2026-09-25T10:44:04
1323,27,0.8966,1.1202,5.000000e-04,2026-09-25T10:44:06
1324,27,0.8852,1.1337,5.000000e-04,2026-09-25T10:44:08
1325,27,0.8674,1.1226,5.000000e-04,2026-09-25T10:44:10
1326,27,0.8959,1.1052,5.000000e-04,2026-09-25T10:44:12
1327,27,0.8796,1.1209,5.000000e-04,2026-09-25T10:44:14
1328,27,0.8739,1.1408,5.000000e-04,2026-09-25T10:44:16
1329,27,0.8917,1.1128,5.000000e-04,2026-09-25T10:44:18
1330,27,0.8969,1.1426,5.000000e-04,2026-09-25T10:44:20
1331,27,0.8994,1.0910,5.000000e-04,2026-09-25T10:44:22
1332,27,0.9003,1.1356,5.000000e-04,2026-09-25T10:44:24
1333,27,0.9082,1.0904,5.000000e-04,2026-09-25T10:44:26
1334,27,0.8676,1.1157,5.000000e-04,2026-09-25T10:44:28
1335,27,0.8872,1.1275,5.000000e-04,2026-09-25T10:44:30
1336,27,0.8795,1.1364,5.000000e-04,2026-09-25T10:44:32
1337,27,0.9026,1.0946,5.000000e-04,2026-09-25T10:44:34
1338,27,0.9008,1.1337,5.000000e-04,2026-09-25T10:44:36
1339,27,0.8718,1.1506,5.000000e-04,2026-09-25T10:44:38
1340,27,0.8909,1.1392,5.000000e-04,2026-09-25T10:44:40
1341,27,0.9015,1.0978,5.000000e-04,2026-09-25T10:44:42
1342,27,0.8698,1.1390,5.000000e-04,2026-09-25T10:44:44
1343,27,0.8774,1.1461,5.000000e-04,2026-09-25T10:44:46
1344,27,0.9042,1.0885,5.000000e-04,2026-09-25T10:44:48
1345,27,0.9061,1.1048,5.000000e-04,2026-09-25T10:44:50
1346,27,0.8664,1.1344,5.000000e-04,2026-09-25T10:44:52
1347,27,0.8938,1.0917,5.000000e-04,2026-09-25T10:44:54
1348,27,0.8873,1.1107,5.000000e-04,2026-09-25T10:44:56
1349,27,0.8897,1.1246,5.000000e-04,2026-09-25T10:44:58
1350,27,0.8827,1.1037,5.000000e-04,2026-09-25T10:45:00
1351,28,0.8428,1.0973,5.000000e-04,2026-09-25T10:45:02
1352,28,0.8750,1.0747,5.000000e-04,2026-09-25T10:45:04
1353,28,0.8639,1.0626,5.000000e-04,2026-09-25T10:45:06
1354,28,0.8822,1.0757,5.000000e-04,2026-09-25T10:45:08
1355,28,0.8620,1.0848,5.000000e-04,2026-09-25T10:45:10
1356,28,0.8453,1.1207,5.000000e-04,2026-09-25T10:45:12
1357,28,0.8819,1.0960,5.000000e-04,2026-09-25T10:45:14
1358,28,0.8849,1.1083,5.000000e-04,2026-09-25T10:45:16
1359,28,0.8592,1.0808,5.000000e-04,2026-09-25T10:45:18
1360,28,0.8591,1.1069,5.000000e-04,2026-09-25T10:45:20
1361,28,0.8516,1.0648,5.000000e-04,2026-09-25T10:45:22
1362,28,0.8568,1.0926,5.000000e-04,2026-09-25T10:45:24
1363,28,0.8842,1.0715,5.000000e-04,2026-09-25T10:45:26
1364,28,0.8792,1.1240,5.000000e-04,2026-09-25T10:45:28
1365,28,0.8869,1.0642,5.000000e-04,2026-09-25T10:45:30
1366,28,0.8616,1.0782,5.000000e-04,2026-09-25T10:45:32
1367,28,0.8813,1.0812,5.000000e-04,2026-09-25T10:45:34
1368,28,0.8662,1.0602,5.000000e-04,2026-09-25T10:45:36
1369,28,0.8479,1.0967,5.000000e-04,2026-09-25T10:45:38
1370,28,0.8533,1.1005,5.000000e-04,2026-09-25T10:45:40
1371,28,0.8616,1.0985,5.000000e-04,2026-09-25T10:45:42
1372,28,0.8631,1.1104,5.000000e-04,2026-09-25T10:45:44
1373,28,0.8476,1.1187,5.000000e-04,2026-09-25T10:45:46
1374,28,0.8769,1.0758,5.000000e-04,2026-09-25T10:45:48
1375,28,0.8378,1.0866,5.000000e-04,2026-09-25T10:45:50
1376,28,0.8496,1.0824,5.000000e-04,2026-09-25T10:45:52
1377,28,0.8810,1.1172,5.000000e-04,2026-09-25T10:45:54
1378,28,0.8868,1.0598,5.000000e-04,2026-09-25T10:45:56
1379,28,0.8716,1.1154,5.000000e-04,2026-09-25T10:45:58
1380,28,0.8752,1.0665,5.000000e-04,2026-09-25T10:46:00
1381,28,0.8650,1.0753,5.000000e-04,2026-09-25T10:46:02
1382,28,0.8630,1.0636,5.000000e-04,2026-09-25T10:46:04
1383,28,0.8892,1.1064,5.000000e-04,2026-09-25T10:46:06
1384,28,0.8423,1.1201,5.000000e-04,2026-09-25T10:46:08
1385,28,0.8840,1.0938,5.000000e-04,2026-09-25T10:46:10
1386,28,0.8738,1.0841,5.000000e-04,2026-09-25T10:46:12
1387,28,0.8880,1.0653,5.000000e-04,2026-09-25T10:46:14
1388,28,0.8425,1.0685,5.000000e-04,2026-09-25T10:46:16
1389,28,0.8800,1.0646,5.000000e-04,2026-09-25T10:46:18
1390,28,0.8669,1.0882,5.000000e-04,2026-09-25T10:46:20
1391,28,0.8875,1.0752,5.000000e-04,2026-09-25T10:46:22
1392,28,0.8510,1.0804,5.000000e-04,2026-09-25T10:46:24
1393,28,0.8790,1.1056,5.000000e-04,2026-09-25T10:46:26
1394,28,0.8756,1.0806,5.000000e-04,2026-09-25T10:46:28
1395,28,0.8516,1.0646,5.000000e-04,2026-09-25T10:46:30
1396,28,0.8480,1.1108,5.000000e-04,2026-09-25T10:46:32
1397,28,0.8678,1.0699,5.000000e-04,2026-09-25T10:46:34
1398,28,0.8460,1.0903,5.000000e-04,2026-09-25T10:46:36
1399,28,0.8586,1.0948,5.000000e-04,2026-09-25T10:46:38
1400,28,0.8875,1.0733,5.000000e-04,2026-09-25T10:46:40
1401,29,0.8283,1.0505,5.000000e-04,2026-09-25T10:46:42
1402,29,0.8188,1.0436,5.000000e-04,2026-09-25T10:46:44
1403,29,0.8473,1.0864,5.000000e-04,2026-09-25T10:46:46
1404,29,0.8478,1.0361,5.000000e-04,2026-09-25T10:46:48
1405,29,0.8548,1.0545,5.000000e-04,2026-09-25T10:46:50
1406,29,0.8174,1.0494,5.000000e-04,2026-09-25T10:46:52
1407,29,0.8307,1.0664,5.000000e-04,2026-09-25T10:46:54
1408,29,0.8468,1.0502,5.000000e-04,2026-09-25T10:46:56
1409,29,0.8626,1.0355,5.000000e-04,2026-09-25T10:46:58
1410,29,0.8331,1.0625,5.000000e-04,2026-09-25T10:47:00
1411,29,0.8504,1.0495,5.000000e-04,2026-09-25T10:47:02
1412,29,0.8360,1.0849,5.000000e-04,2026-09-25T10:47:04
1413,29,0.8198,1.0343,5.000000e-04,2026-09-25T10:47:06
1414,29,0.8545,1.0964,5.000000e-04,2026-09-25T10:47:08
1415,29,0.8193,1.0862,5.000000e-04,2026-09-25T10:47:10
1416,29,0.8315,1.0738,5.000000e-04,2026-09-25T10:47:12
1417,29,0.8452,1.0708,5.000000e-04,2026-09-25T10:47:14
1418,29,0.8258,1.0855,5.000000e-04,2026-09-25T10:47:16
1419,29,0.8139,1.0377,5.000000e-04,2026-09-25T10:47:18
1420,29,0.8581,1.0619,5.000000e-04,2026-09-25T10:47:20
1421,29,0.8192,1.0914,5.000000e-04,2026-09-25T10:47:22
1422,29,0.8545,1.0547,5.000000e-04,2026-09-25T10:47:24
1423,29,0.8149,1.0630,5.000000e-04,2026-09-25T10:47:26
1424,29,0.8212,1.0702,5.000000e-04,2026-09-25T10:47:28
1425,29,0.8541,1.0588,5.000000e-04,2026-09-25T10:47:30
1426,29,0.8142,1.0772,5.000000e-04,2026-09-25T10:47:32
1427,29,0.8215,1.0473,5.000000e-04,2026-09-25T10:47:34
1428,29,0.8222,1.0514,5.000000e-04,2026-09-25T10:47:36
1429,29,0.8572,1.0358,5.000000e-04,2026-09-25T10:47:38
1430,29,0.8439,1.0493,5.000000e-04,2026-09-25T10:47:40
1431,29,0.8276,1.0599,5.000000e-04,2026-09-25T10:47:42
1432,29,0.8405,1.0374,5.000000e-04,2026-09-25T10:47:44
1433,29,0.8268,1.0423,5.000000e-04,2026-09-25T10:47:46
1434,29,0.8228,1.0901,5.000000e-04,2026-09-25T10:47:48
1435,29,0.8392,1.0739,5.000000e-04,2026-09-25T10:47:50
1436,29,0.8531,1.0844,5.000000e-04,2026-09-25T10:47:52
1437,29,0.8625,1.0835,5.000000e-04,2026-09-25T10:47:54
1438,29,0.8308,1.0684,5.000000e-04,2026-09-25T10:47:56
1439,29,0.8371,1.0919,5.000000e-04,2026-09-25T10:47:58
1440,29,0.8380,1.0584,5.000000e-04,2026-09-25T10:48:00
1441,29,0.8218,1.0539,5.000000e-04,2026-09-25T10:48:02
1442,29,0.8238,1.0908,5.000000e-04,2026-09-25T10:48:04
1443,29,0.8519,1.0373,5.000000e-04,2026-09-25T10:48:06
1444,29,0.8626,1.0674,5.000000e-04,2026-09-25T10:48:08
1445,29,0.8513,1.0975,5.000000e-04,2026-09-25T10:48:10
1446,29,0.8617,1.0400,5.000000e-04,2026-09-25T10:48:12
1447,29,0.8458,1.0506,5.000000e-04,2026-09-25T10:48:14
1448,29,0.8538,1.0922,5.000000e-04,2026-09-25T10:48:16
1449,29,0.8156,1.0972,5.000000e-04,2026-09-25T10:48:18
1450,29,0.8238,1.0877,5.000000e-04,2026-09-25T10:48:20
1451,30,0.8276,1.0302,5.000000e-04,2026-09-25T10:48:22
1452,30,0.8297,1.0607,5.000000e-04,2026-09-25T10:48:24
1453,30,0.7973,1.0450,5.000000e-04,2026-09-25T10:48:26
1454,30,0.8281,1.0515,5.000000e-04,2026-09-25T10:48:28
1455,30,0.8333,1.0098,5.000000e-04,2026-09-25T10:48:30
1456,30,0.8229,1.0671,5.000000e-04,2026-09-25T10:48:32
1457,30,0.8162,1.0431,5.000000e-04,2026-09-25T10:48:34
1458,30,0.7979,1.0696,5.000000e-04,2026-09-25T10:48:36
1459,30,0.8318,1.0387,5.000000e-04,2026-09-25T10:48:38
1460,30,0.8038,1.0386,5.000000e-04,2026-09-25T10:48:40
1461,30,0.7931,1.0225,5.000000e-04,2026-09-25T10:48:42
1462,30,0.7994,1.0409,5.000000e-04,2026-09-25T10:48:44
1463,30,0.7888,1.0653,5.000000e-04,2026-09-25T10:48:46
1464,30,0.7986,1.0162,5.000000e-04,2026-09-25T10:48:48
1465,30,0.8237,1.0653,5.000000e-04,2026-09-25T10:48:50
1466,30,0.8299,1.0282,5.000000e-04,2026-09-25T10:48:52
1467,30,0.7898,1.0446,5.000000e-04,2026-09-25T10:48:54
1468,30,0.8335,1.0563,5.000000e-04,2026-09-25T10:48:56
1469,30,0.8300,1.0617,5.000000e-04,2026-09-25T10:48:58
1470,30,0.8356,1.0313,5.000000e-04,2026-09-25T10:49:00
1471,30,0.8347,1.0327,5.000000e-04,2026-09-25T10:49:02
1472,30,0.7937,1.0268,5.000000e-04,2026-09-25T10:49:04
1473,30,0.7954,1.0179,5.000000e-04,2026-09-25T10:49:06
1474,30,0.8350,1.0574,5.000000e-04,2026-09-25T10:49:08
1475,30,0.8356,1.0485,5.000000e-04,2026-09-25T10:49:10
1476,30,0.7972,1.0684,5.000000e-04,2026-09-25T10:49:12
1477,30,0.8226,1.0659,5.000000e-04,2026-09-25T10:49:14
1478,30,0.8271,1.0219,5.000000e-04,2026-09-25T10:49:16
1479,30,0.8175,1.0190,5.000000e-04,2026-09-25T10:49:18
1480,30,0.8037,1.0510,5.000000e-04,2026-09-25T10:49:20
1481,30,0.7950,1.0535,5.000000e-04,2026-09-25T10:49:22
1482,30,0.8350,1.0672,5.000000e-04,2026-09-25T10:49:24
1483,30,0.8079,1.0700,5.000000e-04,2026-09-25T10:49:26
1484,30,0.8358,1.0100,5.000000e-04,2026-09-25T10:49:28
1485,30,0.8181,1.0655,5.000000e-04,2026-09-25T10:49:30
1486,30,0.8359,1.0218,5.000000e-04,2026-09-25T10:49:32
1487,30,0.8163,1.0664,5.000000e-04,2026-09-25T10:49:34
1488,30,0.7956,1.0545,5.000000e-04,2026-09-25T10:49:36
1489,30,0.8004,1.0693,5.000000e-04,2026-09-25T10:49:38
1490,30,0.7969,1.0632,5.000000e-04,2026-09-25T10:49:40
1491,30,0.7931,1.0522,5.000000e-04,2026-09-25T10:49:42
1492,30,0.8199,1.0633,5.000000e-04,2026-09-25T10:49:44
1493,30,0.8105,1.0246,5.000000e-04,2026-09-25T10:49:46
1494,30,0.8009,1.0123,5.000000e-04,2026-09-25T10:49:48
1495,30,0.8013,1.0148,5.000000e-04,2026-09-25T10:49:50
1496,30,0.7888,1.0321,5.000000e-04,2026-09-25T10:49:52
1497,30,0.8245,1.0685,5.000000e-04,2026-09-25T10:49:54
1498,30,0.8319,1.0388,5.000000e-04,2026-09-25T10:49:56
1499,30,0.8072,1.0421,5.000000e-04,2026-09-25T10:49:58
1500,30,0.7937,1.0379,5.000000e-04,2026-09-25T10:50:00
1501,31,0.8063,1.0227,5.000000e-04,2026-09-25T10:50:02
1502,31,0.7980,0.9930,5.000000e-04,2026-09-25T10:50:04
1503,31,0.7689,1.0346,5.000000e-04,2026-09-25T10:50:06
1504,31,0.7794,1.0025,5.000000e-04,2026-09-25T10:50:08
1505,31,0.8105,0.9877,5.000000e-04,2026-09-25T10:50:10
1506,31,0.7735,1.0060,5.000000e-04,2026-09-25T10:50:12
1507,31,0.8001,1.0164,5.000000e-04,2026-09-25T10:50:14
1508,31,0.8080,0.9888,5.000000e-04,2026-09-25T10:50:16
1509,31,0.7936,1.0205,5.000000e-04,2026-09-25T10:50:18
1510,31,0.7883,0.9850,5.000000e-04,2026-09-25T10:50:20
1511,31,0.8101,0.9932,5.000000e-04,2026-09-25T10:50:22
1512,31,0.8076,0.9927,5.000000e-04,2026-09-25T10:50:24
1513,31,0.7702,0.9956,5.000000e-04,2026-09-25T10:50:26
1514,31,0.7744,1.0255,5.000000e-04,2026-09-25T10:50:28
1515,31,0.7996,1.0275,5.000000e-04,2026-09-25T10:50:30
1516,31,0.7780,1.0003,5.000000e-04,2026-09-25T10:50:32
1517,31,0.7767,0.9862,5.000000e-04,2026-09-25T10:50:34
1518,31,0.7925,1.0342,5.000000e-04,2026-09-25T10:50:36
1519,31,0.7727,1.0051,5.000000e-04,2026-09-25T10:50:38
1520,31,0.7857,1.0011,5.000000e-04,2026-09-25T10:50:40
1521,31,0.7968,1.0196,5.000000e-04,2026-09-25T10:50:42
1522,31,0.7749,0.9847,5.000000e-04,2026-09-25T10:50:44
1523,31,0.7735,1.0009,5.000000e-04,2026-09-25T10:50:46
1524,31,0.7693,1.0345,5.000000e-04,2026-09-25T10:50:48
1525,31,0.7800,1.0073,5.000000e-04,2026-09-25T10:50:50
1526,31,0.7886,1.0233,5.000000e-04,2026-09-25T10:50:52
1527,31,0.7697,1.0162,5.000000e-04,2026-09-25T10:50:54
1528,31,0.7742,1.0370,5.000000e-04,2026-09-25T10:50:56
1529,31,0.7829,1.0103,5.000000e-04,2026-09-25T10:50:58
1530,31,0.7779,1.0114,5.000000e-04,2026-09-25T10:51:00
1531,31,0.7761,0.9995,5.000000e-04,2026-09-25T10:51:02
1532,31,0.7684,1.0289,5.000000e-04,2026-09-25T10:51:04
1533,31,0.7970,0.9884,5.000000e-04,2026-09-25T10:51:06
1534,31,0.7817,1.0161,5.000000e-04,2026-09-25T10:51:08
1535,31,0.8114,1.0190,5.000000e-04,2026-09-25T10:51:10
1536,31,0.7916,1.0343,5.000000e-04,2026-09-25T10:51:12
1537,31,0.8042,1.0086,5.000000e-04,2026-09-25T10:51:14
1538,31,0.7908,1.0359,5.000000e-04,2026-09-25T10:51:16
1539,31,0.7879,1.0368,5.000000e-04,2026-09-25T10:51:18
1540,31,0.7880,0.9879,5.000000e-04,2026-09-25T10:51:20
1541,31,0.8082,1.0266,5.000000e-04,2026-09-25T10:51:22
1542,31,0.7892,1.0379,5.000000e-04,2026-09-25T10:51:24
1543,31,0.8033,1.0243,5.000000e-04,2026-09-25T10:51:26
1544,31,0.7948,0.9905,5.000000e-04,2026-09-25T10:51:28
1545,31,0.8013,0.9937,5.000000e-04,2026-09-25T10:51:30
1546,31,0.8120,1.0423,5.000000e-04,2026-09-25T10:51:32
1547,31,0.8037,0.9908,5.000000e-04,2026-09-25T10:51:34
1548,31,0.7855,1.0432,5.000000e-04,2026-09-25T10:51:36
1549,31,0.7860,1.0438,5.000000e-04,2026-09-25T10:51:38
1550,31,0.7951,1.0339,5.000000e-04,2026-09-25T10:51:40
1551,32,0.7547,1.0129,5.000000e-04,2026-09-25T10:51:42
1552,32,0.7848,0.9628,5.000000e-04,2026-09-25T10:51:44
1553,32,0.7606,0.9824,5.000000e-04,2026-09-25T10:51:46
1554,32,0.7578,0.9752,5.000000e-04,2026-09-25T10:51:48
1555,32,0.7639,1.0107,5.000000e-04,2026-09-25T10:51:50
1556,32,0.7790,0.9958,5.000000e-04,2026-09-25T10:51:52
1557,32,0.7668,0.9838,5.000000e-04,2026-09-25T10:51:54
1558,32,0.7619,0.9677,5.000000e-04,2026-09-25T10:51:56
1559,32,0.7698,1.0038,5.000000e-04,2026-09-25T10:51:58
1560,32,0.7860,1.0137,5.000000e-04,2026-09-25T10:52:00
1561,32,0.7687,0.9649,5.000000e-04,2026-09-25T10:52:02
1562,32,0.7560,0.9906,5.000000e-04,2026-09-25T10:52:04
1563,32,0.7586,0.9832,5.000000e-04,2026-09-25T10:52:06
1564,32,0.7604,0.9877,5.000000e-04,2026-09-25T10:52:08
1565,32,0.7708,0.9611,5.000000e-04,2026-09-25T10:52:10
1566,32,0.7555,0.9674,5.000000e-04,2026-09-25T10:52:12
1567,32,0.7708,1.0000,5.000000e-04,2026-09-25T10:52:14
1568,32,0.7446,1.0116,5.000000e-04,2026-09-25T10:52:16
1569,32,0.7580,0.9730,5.000000e-04,2026-09-25T10:52:18
1570,32,0.7771,1.0135,5.000000e-04,2026-09-25T10:52:20
1571,32,0.7840,0.9601,5.000000e-04,2026-09-25T10:52:22
1572,32,0.7804,0.9768,5.000000e-04,2026-09-25T10:52:24
1573,32,0.7557,0.9880,5.000000e-04,2026-09-25T10:52:26
1574,32,0.7748,0.9647,5.000000e-04,2026-09-25T10:52:28
1575,32,0.7827,0.9668,5.000000e-04,2026-09-25T10:52:30
1576,32,0.7876,0.9851,5.000000e-04,2026-09-25T10:52:32
1577,32,0.7808,0.9748,5.000000e-04,2026-09-25T10:52:34
1578,32,0.7620,0.9972,5.000000e-04,2026-09-25T10:52:36
1579,32,0.7514,0.9714,5.000000e-04,2026-09-25T10:52:38
1580,32,0.7807,1.0028,5.000000e-04,2026-09-25T10:52:40
1581,32,0.7777,1.0103,5.000000e-04,2026-09-25T10:52:42
1582,32,0.7805,0.9894,5.000000e-04,2026-09-25T10:52:44
1583,32,0.7501,0.9773,5.000000e-04,2026-09-25T10:52:46
1584,32,0.7661,0.9669,5.000000e-04,2026-09-25T10:52:48
1585,32,0.7819,1.0110,5.000000e-04,2026-09-25T10:52:50
1586,32,0.7441,0.9703,5.000000e-04,2026-09-25T10:52:52
1587,32,0.7811,1.0085,5.000000e-04,2026-09-25T10:52:54
1588,32,0.7543,0.9859,5.000000e-04,2026-09-25T10:52:56
1589,32,0.7850,1.0007,5.000000e-04,2026-09-25T10:52:58
1590,32,0.7554,1.0077,5.000000e-04,2026-09-25T10:53:00
1591,32,0.7660,0.9966,5.000000e-04,2026-09-25T10:53:02
1592,32,0.7485,0.9607,5.000000e-04,2026-09-25T10:53:04
1593,32,0.7599,0.9941,5.000000e-04,2026-09-25T10:53:06
1594,32,0.7510,1.0105,5.000000e-04,2026-09-25T10:53:08
1595,32,0.7698,0.9796,5.000000e-04,2026-09-25T10:53:10
1596,32,0.7503,1.0119,5.000000e-04,2026-09-25T10:53:12
1597,32,0.7772,0.9997,5.000000e-04,2026-09-25T10:53:14
1598,32,0.7559,0.9818,5.000000e-04,2026-09-25T10:53:16
1599,32,0.7503,0.9928,5.000000e-04,2026-09-25T10:53:18
1600,32,0.7871,1.0097,5.000000e-04,2026-09-25T10:53:20
1601,33,0.7497,0.9744,5.000000e-04,2026-09-25T10:53:22
1602,33,0.7329,0.9589,5.000000e-04,2026-09-25T10:53:24
1603,33,0.7218,0.9803,5.000000e-04,2026-09-25T10:53:26
1604,33,0.7551,0.9357,5.000000e-04,2026-09-25T10:53:28
1605,33,0.7615,0.9726,5.000000e-04,2026-09-25T10:53:30
1606,33,0.7477,0.9357,5.000000e-04,2026-09-25T10:53:32
1607,33,0.7321,0.9818,5.000000e-04,2026-09-25T10:53:34
1608,33,0.7345,0.9911,5.000000e-04,2026-09-25T10:53:36
1609,33,0.7495,0.9597,5.000000e-04,2026-09-25T10:53:38
1610,33,0.7376,0.9554,5.000000e-04,2026-09-25T10:53:40
1611,33,0.7321,0.9622,5.000000e-04,2026-09-25T10:53:42
1612,33,0.7511,0.9829,5.000000e-04,2026-09-25T10:53:44
1613,33,0.7386,0.9411,5.000000e-04,2026-09-25T10:53:46
1614,33,0.7437,0.9735,5.000000e-04,2026-09-25T10:53:48
1615,33,0.7585,0.9568,5.000000e-04,2026-09-25T10:53:50
1616,33,0.7497,0.9704,5.000000e-04,2026-09-25T10:53:52
1617,33,0.7342,0.9414,5.000000e-04,2026-09-25T10:53:54
1618,33,0.7237,0.9924,5.000000e-04,2026-09-25T10:53:56
1619,33,0.7494,0.9850,5.000000e-04,2026-09-25T10:53:58
1620,33,0.7325,0.9763,5.000000e-04,2026-09-25T10:54:00
1621,33,0.7606,0.9525,5.000000e-04,2026-09-25T10:54:02
1622,33,0.7275,0.9795,5.000000e-04,2026-09-25T10:54:04
1623,33,0.7610,0.9818,5.000000e-04,2026-09-25T10:54:06
1624,33,0.7566,0.9699,5.000000e-04,2026-09-25T10:54:08
1625,33,0.7503,0.9746,5.000000e-04,2026-09-25T10:54:10
1626,33,0.7530,0.9731,5.000000e-04,2026-09-25T10:54:12
1627,33,0.7653,0.9502,5.000000e-04,2026-09-25T10:54:14
1628,33,0.7395,0.9577,5.000000e-04,2026-09-25T10:54:16
1629,33,0.7224,0.9762,5.000000e-04,2026-09-25T10:54:18
1630,33,0.7464,0.9462,5.000000e-04,2026-09-25T10:54:20
1631,33,0.7533,0.9481,5.000000e-04,2026-09-25T10:54:22
1632,33,0.7447,0.9806,5.000000e-04,2026-09-25T10:54:24
1633,33,0.7613,0.9741,5.000000e-04,2026-09-25T10:54:26
1634,33,0.7435,0.9841,5.000000e-04,2026-09-25T10:54:28
1635,33,0.7583,0.9859,5.000000e-04,2026-09-25T10:54:30
1636,33,0.7289,0.9408,5.000000e-04,2026-09-25T10:54:32
1637,33,0.7266,0.9502,5.000000e-04,2026-09-25T10:54:34
1638,33,0.7569,0.9793,5.000000e-04,2026-09-25T10:54:36
1639,33,0.7290,0.9745,5.000000e-04,2026-09-25T10:54:38
1640,33,0.7358,0.9404,5.000000e-04,2026-09-25T10:54:40
1641,33,0.7367,0.9782,5.000000e-04,2026-09-25T10:54:42
1642,33,0.7346,0.9808,5.000000e-04,2026-09-25T10:54:44
1643,33,0.7356,0.9503,5.000000e-04,2026-09-25T10:54:46
1644,33,0.7340,0.9844,5.000000e-04,2026-09-25T10:54:48
1645,33,0.7418,0.9853,5.000000e-04,2026-09-25T10:54:50
1646,33,0.7469,0.9898,5.000000e-04,2026-09-25T10:54:52
1647,33,0.7240,0.9866,5.000000e-04,2026-09-25T10:54:54
1648,33,0.7432,0.9854,5.000000e-04,2026-09-25T10:54:56
1649,33,0.7379,0.9525,5.000000e-04,2026-09-25T10:54:58
1650,33,0.7233,0.9846,5.000000e-04,2026-09-25T10:55:00
1651,34,0.7055,0.9234,5.000000e-04,2026-09-25T10:55:02
1652,34,0.7173,0.9442,5.000000e-04,2026-09-25T10:55:04
1653,34,0.7388,0.9379,5.000000e-04,2026-09-25T10:55:06
1654,34,0.7132,0.9525,5.000000e-04,2026-09-25T10:55:08
1655,34,0.7333,0.9396,5.000000e-04,2026-09-25T10:55:10
1656,34,0.7269,0.9221,5.000000e-04,2026-09-25T10:55:12
1657,34,0.7270,0.9124,5.000000e-04,2026-09-25T10:55:14
1658,34,0.7114,0.9550,5.000000e-04,2026-09-25T10:55:16
1659,34,0.7068,0.9552,5.000000e-04,2026-09-25T10:55:18
1660,34,0.7207,0.9552,5.000000e-04,2026-09-25T10:55:20
1661,34,0.7034,0.9468,5.000000e-04,2026-09-25T10:55:22
1662,34,0.7270,0.9349,5.000000e-04,2026-09-25T10:55:24
1663,34,0.7413,0.9337,5.000000e-04,2026-09-25T10:55:26
1664,34,0.7012,0.9234,5.000000e-04,2026-09-25T10:55:28
1665,34,0.7157,0.9129,5.000000e-04,2026-09-25T10:55:30
1666,34,0.7135,0.9591,5.000000e-04,2026-09-25T10:55:32
1667,34,0.7078,0.9503,5.000000e-04,2026-09-25T10:55:34
1668,34,0.7267,0.9261,5.000000e-04,2026-09-25T10:55:36
1669,34,0.7296,0.9315,5.000000e-04,2026-09-25T10:55:38
1670,34,0.7051,0.9337,5.000000e-04,2026-09-25T10:55:40
1671,34,0.7250,0.9215,5.000000e-04,2026-09-25T10:55:42
1672,34,0.7352,0.9289,5.000000e-04,2026-09-25T10:55:44
1673,34,0.7121,0.9532,5.000000e-04,2026-09-25T10:55:46
1674,34,0.7254,0.9312,5.000000e-04,2026-09-25T10:55:48
1675,34,0.7380,0.9683,5.000000e-04,2026-09-25T10:55:50
1676,34,0.7144,0.9630,5.000000e-04,2026-09-25T10:55:52
1677,34,0.7151,0.9227,5.000000e-04,2026-09-25T10:55:54
1678,34,0.7406,0.9639,5.000000e-04,2026-09-25T10:55:56
1679,34,0.7170,0.9250,5.000000e-04,2026-09-25T10:55:58
1680,34,0.7310,0.9195,5.000000e-04,2026-09-25T10:56:00
1681,34,0.7313,0.9454,5.000000e-04,2026-09-25T10:56:02
1682,34,0.7069,0.9328,5.000000e-04,2026-09-25T10:56:04
1683,34,0.7277,0.9142,5.000000e-04,2026-09-25T10:56:06
1684,34,0.7375,0.9265,5.000000e-04,2026-09-25T10:56:08
1685,34,0.7227,0.9148,5.000000e-04,2026-09-25T10:56:10
1686,34,0.7426,0.9495,5.000000e-04,2026-09-25T10:56:12
1687,34,0.7278,0.9132,5.000000e-04,2026-09-25T10:56:14
1688,34,0.7294,0.9356,5.000000e-04,2026-09-25T10:56:16
1689,34,0.7160,0.9430,5.000000e-04,2026-09-25T10:56:18
1690,34,0.7201,0.9207,5.000000e-04,2026-09-25T10:56:20
1691,34,0.7296,0.9477,5.000000e-04,2026-09-25T10:56:22
1692,34,0.7126,0.9494,5.000000e-04,2026-09-25T10:56:24
1693,34,0.7282,0.9273,5.000000e-04,2026-09-25T10:56:26
1694,34,0.7258,0.9198,5.000000e-04,2026-09-25T10:56:28
1695,34,0.7355,0.9180,5.000000e-04,2026-09-25T10:56:30
1696,34,0.7307,0.9187,5.000000e-04,2026-09-25T10:56:32
1697,34,0.7045,0.9181,5.000000e-04,2026-09-25T10:56:34
1698,34,0.7081,0.9234,5.000000e-04,2026-09-25T10:56:36
1699,34,0.7109,0.9416,5.000000e-04,2026-09-25T10:56:38
1700,34,0.7083,0.9518,5.000000e-04,2026-09-25T10:56:40
1701,35,0.6913,0.8918,5.000000e-04,2026-09-25T10:56:42
1702,35,0.6997,0.9010,5.000000e-04,2026-09-25T10:56:44
1703,35,0.7181,0.9078,5.000000e-04,2026-09-25T10:56:46
1704,35,0.6790,0.9265,5.000000e-04,2026-09-25T10:56:48
1705,35,0.7170,0.9355,5.000000e-04,2026-09-25T10:56:50
1706,35,0.7070,0.8978,5.000000e-04,2026-09-25T10:56:52
1707,35,0.6827,0.9177,5.000000e-04,2026-09-25T10:56:54
1708,35,0.7093,0.8952,5.000000e-04,2026-09-25T10:56:56
1709,35,0.6896,0.9023,5.000000e-04,2026-09-25T10:56:58
1710,35,0.7204,0.9059,5.000000e-04,2026-09-25T10:57:00
1711,35,0.6984,0.8951,5.000000e-04,2026-09-25T10:57:02
1712,35,0.6862,0.8918,5.000000e-04,2026-09-25T10:57:04
1713,35,0.6911,0.9337,5.000000e-04,2026-09-25T10:57:06
1714,35,0.6920,0.9302,5.000000e-04,2026-09-25T10:57:08
1715,35,0.6829,0.9313,5.000000e-04,2026-09-25T10:57:10
1716,35,0.6808,0.9365,5.000000e-04,2026-09-25T10:57:12
1717,35,0.7067,0.8990,5.000000e-04,2026-09-25T10:57:14
1718,35,0.6939,0.9137,5.000000e-04,2026-09-25T10:57:16
1719,35,0.7050,0.9379,5.000000e-04,2026-09-25T10:57:18
1720,35,0.6828,0.9344,5.000000e-04,2026-09-25T10:57:20
1721,35,0.6866,0.9116,5.000000e-04,2026-09-25T10:57:22
1722,35,0.7193,0.9045,5.000000e-04,2026-09-25T10:57:24
1723,35,0.6951,0.9364,5.000000e-04,2026-09-25T10:57:26
1724,35,0.7125,0.9253,5.000000e-04,2026-09-25T10:57:28
1725,35,0.7123,0.8958,5.000000e-04,2026-09-25T10:57:30
1726,35,0.7081,0.8928,5.000000e-04,2026-09-25T10:57:32
1727,35,0.7185,0.8984,5.000000e-04,2026-09-25T10:57:34
1728,35,0.6963,0.9221,5.000000e-04,2026-09-25T10:57:36
1729,35,0.7126,0.9269,5.000000e-04,2026-09-25T10:57:38
1730,35,0.6865,0.9105,5.000000e-04,2026-09-25T10:57:40
1731,35,0.6939,0.8912,5.000000e-04,2026-09-25T10:57:42
1732,35,0.7076,0.9357,5.000000e-04,2026-09-25T10:57:44
1733,35,0.7198,0.8968,5.000000e-04,2026-09-25T10:57:46
1734,35,0.7175,0.8958,5.000000e-04,2026-09-25T10:57:48
1735,35,0.6962,0.8921,5.000000e-04,2026-09-25T10:57:50
1736,35,0.6899,0.9069,5.000000e-04,2026-09-25T10:57:52
1737,35,0.7085,0.9269,5.000000e-04,2026-09-25T10:57:54
1738,35,0.7111,0.9213,5.000000e-04,2026-09-25T10:57:56
1739,35,0.7026,0.9434,5.000000e-04,2026-09-25T10:57:58
1740,35,0.7070,0.9082,5.000000e-04,2026-09-25T10:58:00
1741,35,0.7008,0.9281,5.000000e-04,2026-09-25T10:58:02
1742,35,0.6829,0.9260,5.000000e-04,2026-09-25T10:58:04
1743,35,0.6893,0.9086,5.000000e-04,2026-09-25T10:58:06
1744,35,0.7073,0.9108,5.000000e-04,2026-09-25T10:58:08
1745,35,0.7141,0.9203,5.000000e-04,2026-09-25T10:58:10
1746,35,0.7204,0.8926,5.000000e-04,2026-09-25T10:58:12
1747,35,0.7059,0.8982,5.000000e-04,2026-09-25T10:58:14
1748,35,0.7145,0.9365,5.000000e-04,2026-09-25T10:58:16
1749,35,0.7154,0.8937,5.000000e-04,2026-09-25T10:58:18
1750,35,0.6995,0.9028,5.000000e-04,2026-09-25T10:58:20
1751,36,0.6984,0.8703,5.000000e-04,2026-09-25T10:58:22
1752,36,0.6679,0.9021,5.000000e-04,2026-09-25T10:58:24
1753,36,0.6752,0.8802,5.000000e-04,2026-09-25T10:58:26
1754,36,0.6775,0.9106,5.000000e-04,2026-09-25T10:58:28
1755,36,0.6771,0.9136,5.000000e-04,2026-09-25T10:58:30
1756,36,0.6770,0.8740,5.000000e-04,2026-09-25T10:58:32
1757,36,0.6791,0.9027,5.000000e-04,2026-09-25T10:58:34
1758,36,0.6630,0.8897,5.000000e-04,2026-09-25T10:58:36
1759,36,0.6815,0.8676,5.000000e-04,2026-09-25T10:58:38
1760,36,0.6625,0.9000,5.000000e-04,2026-09-25T10:58:40
1761,36,0.6840,0.8840,5.000000e-04,2026-09-25T10:58:42
1762,36,0.6795,0.8787,5.000000e-04,2026-09-25T10:58:44
1763,36,0.6862,0.9186,5.000000e-04,2026-09-25T10:58:46
1764,36,0.6736,0.8705,5.000000e-04,2026-09-25T10:58:48
1765,36,0.6679,0.8920,5.000000e-04,2026-09-25T10:58:50
1766,36,0.6816,0.9009,5.000000e-04,2026-09-25T10:58:52
1767,36,0.6781,0.9029,5.000000e-04,2026-09-25T10:58:54
1768,36,0.6880,0.8737,5.000000e-04,2026-09-25T10:58:56
1769,36,0.6898,0.8795,5.000000e-04,2026-09-25T10:58:58
1770,36,0.6727,0.9122,5.000000e-04,2026-09-25T10:59:00
1771,36,0.6981,0.8833,5.000000e-04,2026-09-25T10:59:02
1772,36,0.6801,0.9053,5.000000e-04,2026-09-25T10:59:04
1773,36,0.6607,0.8764,5.000000e-04,2026-09-25T10:59:06
1774,36,0.6645,0.9061,5.000000e-04,2026-09-25T10:59:08
1775,36,0.6882,0.8734,5.000000e-04,2026-09-25T10:59:10
1776,36,0.6837,0.8777,5.000000e-04,2026-09-25T10:59:12
1777,36,0.6967,0.8887,5.000000e-04,2026-09-25T10:59:14
1778,36,0.6774,0.9096,5.000000e-04,2026-09-25T10:59:16
1779,36,0.6880,0.8734,5.000000e-04,2026-09-25T10:59:18
1780,36,0.6757,0.9173,5.000000e-04,2026-09-25T10:59:20
1781,36,0.6929,0.8992,5.000000e-04,2026-09-25T10:59:22
1782,36,0.6903,0.8918,5.000000e-04,2026-09-25T10:59:24
1783,36,0.6856,0.9189,5.000000e-04,2026-09-25T10:59:26
1784,36,0.6643,0.8944,5.000000e-04,2026-09-25T10:59:28
1785,36,0.6804,0.8702,5.000000e-04,2026-09-25T10:59:30
1786,36,0.6969,0.9126,5.000000e-04,2026-09-25T10:59:32
1787,36,0.6785,0.8949,5.000000e-04,2026-09-25T10:59:34
1788,36,0.6964,0.8771,5.000000e-04,2026-09-25T10:59:36
1789,36,0.6824,0.9068,5.000000e-04,2026-09-25T10:59:38
1790,36,0.6640,0.8884,5.000000e-04,2026-09-25T10:59:40
1791,36,0.6833,0.9150,5.000000e-04,2026-09-25T10:59:42
1792,36,0.6794,0.8883,5.000000e-04,2026-09-25T10:59:44
1793,36,0.6987,0.9168,5.000000e-04,2026-09-25T10:59:46
1794,36,0.6899,0.8823,5.000000e-04,2026-09-25T10:59:48
1795,36,0.6981,0.9197,5.000000e-04,2026-09-25T10:59:50
1796,36,0.6773,0.8748,5.000000e-04,2026-09-25T10:59:52
1797,36,0.6756,0.9052,5.000000e-04,2026-09-25T10:59:54
1798,36,0.6893,0.8837,5.000000e-04,2026-09-25T10:59:56
1799,36,0.6874,0.9138,5.000000e-04,2026-09-25T10:59:58
1800,36,0.6878,0.9178,5.000000e-04,2026-09-25T11:00:00
1801,37,0.6644,0.8567,5.000000e-04,2026-09-25T11:00:02
1802,37,0.6640,0.8614,5.000000e-04,2026-09-25T11:00:04
1803,37,0.6530,0.8814,5.000000e-04,2026-09-25T11:00:06
1804,37,0.6782,0.8802,5.000000e-04,2026-09-25T11:00:08
1805,37,0.6772,0.8726,5.000000e-04,2026-09-25T11:00:10
1806,37,0.6668,0.8631,5.000000e-04,2026-09-25T11:00:12
1807,37,0.6439,0.8646,5.000000e-04,2026-09-25T11:00:14
1808,37,0.6583,0.8761,5.000000e-04,2026-09-25T11:00:16
1809,37,0.6657,0.8680,5.000000e-04,2026-09-25T11:00:18
1810,37,0.6689,0.8902,5.000000e-04,2026-09-25T11:00:20
1811,37,0.6507,0.8905,5.000000e-04,2026-09-25T11:00:22
1812,37,0.6713,0.8736,5.000000e-04,2026-09-25T11:00:24
1813,37,0.6403,0.8538,5.000000e-04,2026-09-25T11:00:26
1814,37,0.6659,0.8567,5.000000e-04,2026-09-25T11:00:28
1815,37,0.6690,0.8546,5.000000e-04,2026-09-25T11:00:30
1816,37,0.6507,0.8593,5.000000e-04,2026-09-25T11:00:32
1817,37,0.6725,0.8823,5.000000e-04,2026-09-25T11:00:34
1818,37,0.6510,0.8856,5.000000e-04,2026-09-25T11:00:36
1819,37,0.6406,0.8888,5.000000e-04,2026-09-25T11:00:38
1820,37,0.6434,0.8916,5.000000e-04,2026-09-25T11:00:40
1821,37,0.6686,0.8915,5.000000e-04,2026-09-25T11:00:42
1822,37,0.6687,0.8756,5.000000e-04,2026-09-25T11:00:44
1823,37,0.6487,0.8873,5.000000e-04,2026-09-25T11:00:46
1824,37,0.6709,0.8613,5.000000e-04,2026-09-25T11:00:48
1825,37,0.6656,0.8947,5.000000e-04,2026-09-25T11:00:50
1826,37,0.6547,0.8963,5.000000e-04,2026-09-25T11:00:52
1827,37,0.6779,0.8626,5.000000e-04,2026-09-25T11:00:54
1828,37,0.6612,0.8469,5.000000e-04,2026-09-25T11:00:56
1829,37,0.6493,0.8787,5.000000e-04,2026-09-25T11:00:58
1830,37,0.6702,0.8917,5.000000e-04,2026-09-25T11:01:00
1831,37,0.6722,0.8939,5.000000e-04,2026-09-25T11:01:02
1832,37,0.6672,0.8801,5.000000e-04,2026-09-25T11:01:04
1833,37,0.6692,0.8748,5.000000e-04,2026-09-25T11:01:06
1834,37,0.6632,0.8868,5.000000e-04,2026-09-25T11:01:08
1835,37,0.6775,0.8616,5.000000e-04,2026-09-25T11:01:10
1836,37,0.6464,0.8819,5.000000e-04,2026-09-25T11:01:12
1837,37,0.6467,0.8553,5.000000e-04,2026-09-25T11:01:14
1838,37,0.6597,0.8659,5.000000e-04,2026-09-25T11:01:16
1839,37,0.6563,0.8753,5.000000e-04,2026-09-25T11:01:18
1840,37,0.6445,0.8768,5.000000e-04,2026-09-25T11:01:20
1841,37,0.6494,0.8635,5.000000e-04,2026-09-25T11:01:22
1842,37,0.6674,0.8543,5.000000e-04,2026-09-25T11:01:24
1843,37,0.6454,0.8631,5.000000e-04,2026-09-25T11:01:26
1844,37,0.6414,0.8950,5.000000e-04,2026-09-25T11:01:28
1845,37,0.6637,0.8808,5.000000e-04,2026-09-25T11:01:30
1846,37,0.6587,0.8762,5.000000e-04,2026-09-25T11:01:32
1847,37,0.6535,0.8872,5.000000e-04,2026-09-25T11:01:34
1848,37,0.6519,0.8577,5.000000e-04,2026-09-25T11:01:36
1849,37,0.6466,0.8498,5.000000e-04,2026-09-25T11:01:38
1850,37,0.6593,0.8680,5.000000e-04,2026-09-25T11:01:40
1851,38,0.6411,0.8300,5.000000e-04,2026-09-25T11:01:42
1852,38,0.6289,0.8362,5.000000e-04,2026-09-25T11:01:44
1853,38,0.6332,0.8437,5.000000e-04,2026-09-25T11:01:46
1854,38,0.6288,0.8637,5.000000e-04,2026-09-25T11:01:48
1855,38,0.6408,0.8762,5.000000e-04,2026-09-25T11:01:50
1856,38,0.6521,0.8754,5.000000e-04,2026-09-25T11:01:52
1857,38,0.6208,0.8595,5.000000e-04,2026-09-25T11:01:54
1858,38,0.6376,0.8715,5.000000e-04,2026-09-25T11:01:56
1859,38,0.6440,0.8570,5.000000e-04,2026-09-25T11:01:58
1860,38,0.6572,0.8601,5.000000e-04,2026-09-25T11:02:00
1861,38,0.6328,0.8721,5.000000e-04,2026-09-25T11:02:02
1862,38,0.6567,0.8450,5.000000e-04,2026-09-25T11:02:04
1863,38,0.6412,0.8397,5.000000e-04,2026-09-25T11:02:06
1864,38,0.6554,0.8673,5.000000e-04,2026-09-25T11:02:08
1865,38,0.6348,0.8663,5.000000e-04,2026-09-25T11:02:10
1866,38,0.6375,0.8275,5.000000e-04,2026-09-25T11:02:12
1867,38,0.6549,0.8351,5.000000e-04,2026-09-25T11:02:14
1868,38,0.6402,0.8737,5.000000e-04,2026-09-25T11:02:16
1869,38,0.6269,0.8741,5.000000e-04,2026-09-25T11:02:18
1870,38,0.6411,0.8257,5.000000e-04,2026-09-25T11:02:20
1871,38,0.6230,0.8595,5.000000e-04,2026-09-25T11:02:22
1872,38,0.6501,0.8695,5.000000e-04,2026-09-25T11:02:24
1873,38,0.6367,0.8306,5.000000e-04,2026-09-25T11:02:26
1874,38,0.6411,0.8612,5.000000e-04,2026-09-25T11:02:28
1875,38,0.6579,0.8649,5.000000e-04,2026-09-25T11:02:30
1876,38,0.6453,0.8733,5.000000e-04,2026-09-25T11:02:32
1877,38,0.6491,0.8332,5.000000e-04,2026-09-25T11:02:34
1878,38,0.6381,0.8422,5.000000e-04,2026-09-25T11:02:36
1879,38,0.6238,0.8281,5.000000e-04,2026-09-25T11:02:38
1880,38,0.6509,0.8538,5.000000e-04,2026-09-25T11:02:40
1881,38,0.6425,0.8369,5.000000e-04,2026-09-25T11:02:42
1882,38,0.6304,0.8451,5.000000e-04,2026-09-25T11:02:44
1883,38,0.6446,0.8474,5.000000e-04,2026-09-25T11:02:46
1884,38,0.6211,0.8597,5.000000e-04,2026-09-25T11:02:48
1885,38,0.6410,0.8580,5.000000e-04,2026-09-25T11:02:50
1886,38,0.6442,0.8639,5.000000e-04,2026-09-25T11:02:52
1887,38,0.6429,0.8611,5.000000e-04,2026-09-25T11:02:54
1888,38,0.6232,0.8727,5.000000e-04,2026-09-25T11:02:56
1889,38,0.6245,0.8655,5.000000e-04,2026-09-25T11:02:58
1890,38,0.6320,0.8297,5.000000e-04,2026-09-25T11:03:00
1891,38,0.6498,0.8476,5.000000e-04,2026-09-25T11:03:02
1892,38,0.6356,0.8590,5.000000e-04,2026-09-25T11:03:04
1893,38,0.6386,0.8525,5.000000e-04,2026-09-25T11:03:06
1894,38,0.6257,0.8453,5.000000e-04,2026-09-25T11:03:08
1895,38,0.6511,0.8532,5.000000e-04,2026-09-25T11:03:10
1896,38,0.6573,0.8327,5.000000e-04,2026-09-25T11:03:12
1897,38,0.6464,0.8720,5.000000e-04,2026-09-25T11:03:14
1898,38,0.6510,0.8625,5.000000e-04,2026-09-25T11:03:16
1899,38,0.6348,0.8738,5.000000e-04,2026-09-25T11:03:18
1900,38,0.6417,0.8536,5.000000e-04,2026-09-25T11:03:20
1901,39,0.6067,0.8052,5.000000e-04,2026-09-25T11:03:22
1902,39,0.6243,0.8317,5.000000e-04,2026-09-25T11:03:24
1903,39,0.6374,0.8201,5.000000e-04,2026-09-25T11:03:26
1904,39,0.6300,0.8499,5.000000e-04,2026-09-25T11:03:28
1905,39,0.6149,0.8255,5.000000e-04,2026-09-25T11:03:30
1906,39,0.6262,0.8304,5.000000e-04,2026-09-25T11:03:32
1907,39,0.6081,0.8159,5.000000e-04,2026-09-25T11:03:34
1908,39,0.6332,0.8146,5.000000e-04,2026-09-25T11:03:36
1909,39,0.6089,0.8447,5.000000e-04,2026-09-25T11:03:38
1910,39,0.6339,0.8473,5.000000e-04,2026-09-25T11:03:40
1911,39,0.6368,0.8544,5.000000e-04,2026-09-25T11:03:42
1912,39,0.6193,0.8323,5.000000e-04,2026-09-25T11:03:44
1913,39,0.6129,0.8083,5.000000e-04,2026-09-25T11:03:46
1914,39,0.6058,0.8411,5.000000e-04,2026-09-25T11:03:48
1915,39,0.6203,0.8214,5.000000e-04,2026-09-25T11:03:50
1916,39,0.6069,0.8376,5.000000e-04,2026-09-25T11:03:52
1917,39,0.6058,0.8358,5.000000e-04,2026-09-25T11:03:54
1918,39,0.6356,0.8208,5.000000e-04,2026-09-25T11:03:56
1919,39,0.6189,0.8356,5.000000e-04,2026-09-25T11:03:58
1920,39,0.6135,0.8340,5.000000e-04,2026-09-25T11:04:00
1921,39,0.6232,0.8231,5.000000e-04,2026-09-25T11:04:02
1922,39,0.6139,0.8263,5.000000e-04,2026-09-25T11:04:04
1923,39,0.6023,0.8172,5.000000e-04,2026-09-25T11:04:06
1924,39,0.6104,0.8418,5.000000e-04,2026-09-25T11:04:08
1925,39,0.6184,0.8468,5.000000e-04,2026-09-25T11:04:10
1926,39,0.6071,0.8414,5.000000e-04,2026-09-25T11:04:12
1927,39,0.6348,0.8280,5.000000e-04,2026-09-25T11:04:14
1928,39,0.6155,0.8201,5.000000e-04,2026-09-25T11:04:16
1929,39,0.6227,0.8137,5.000000e-04,2026-09-25T11:04:18
1930,39,0.6247,0.8468,5.000000e-04,2026-09-25T11:04:20
1931,39,0.6341,0.8119,5.000000e-04,2026-09-25T11:04:22
1932,39,0.6222,0.8180,5.000000e-04,2026-09-25T11:04:24
1933,39,0.6351,0.8087,5.000000e-04,2026-09-25T11:04:26
1934,39,0.6049,0.8059,5.000000e-04,2026-09-25T11:04:28
1935,39,0.6210,0.8065,5.000000e-04,2026-09-25T11:04:30
1936,39,0.6238,0.8251,5.000000e-04,2026-09-25T11:04:32
1937,39,0.6241,0.8501,5.000000e-04,2026-09-25T11:04:34
1938,39,0.6227,0.8320,5.000000e-04,2026-09-25T11:04:36
1939,39,0.6393,0.8284,5.000000e-04,2026-09-25T11:04:38
1940,39,0.6310,0.8231,5.000000e-04,2026-09-25T11:04:40
1941,39,0.6104,0.8434,5.000000e-04,2026-09-25T11:04:42
1942,39,0.6294,0.8194,5.000000e-04,2026-09-25T11:04:44
1943,39,0.6194,0.8303,5.000000e-04,2026-09-25T11:04:46
1944,39,0.6169,0.8299,5.000000e-04,2026-09-25T11:04:48
1945,39,0.6268,0.8471,5.000000e-04,2026-09-25T11:04:50
1946,39,0.6322,0.8355,5.000000e-04,2026-09-25T11:04:52
1947,39,0.6083,0.8305,5.000000e-04,2026-09-25T11:04:54
1948,39,0.6187,0.8138,5.000000e-04,2026-09-25T11:04:56
1949,39,0.6374,0.8378,5.000000e-04,2026-09-25T11:04:58
1950,39,0.6382,0.8416,5.000000e-04,2026-09-25T11:05:00
1951,40,0.6018,0.8025,2.500000e-04,2026-09-25T11:05:02
1952,40,0.5922,0.8087,2.500000e-04,2026-09-25T11:05:04
1953,40,0.5866,0.8030,2.500000e-04,2026-09-25T11:05:06
1954,40,0.5859,0.7951,2.500000e-04,2026-09-25T11:05:08
1955,40,0.6171,0.8026,2.500000e-04,2026-09-25T11:05:10
1956,40,0.6013,0.8071,2.500000e-04,2026-09-25T11:05:12
1957,40,0.5860,0.8327,2.500000e-04,2026-09-25T11:05:14
1958,40,0.5960,0.8192,2.500000e-04,2026-09-25T11:05:16
1959,40,0.6032,0.8253,2.500000e-04,2026-09-25T11:05:18
1960,40,0.6145,0.7978,2.500000e-04,2026-09-25T11:05:20
1961,40,0.6040,0.7935,2.500000e-04,2026-09-25T11:05:22
1962,40,0.6079,0.8028,2.500000e-04,2026-09-25T11:05:24
1963,40,0.6079,0.8256,2.500000e-04,2026-09-25T11:05:26
1964,40,0.6030,0.8033,2.500000e-04,2026-09-25T11:05:28
1965,40,0.6171,0.8101,2.500000e-04,2026-09-25T11:05:30
1966,40,0.5971,0.8272,2.500000e-04,2026-09-25T11:05:32
1967,40,0.6019,0.8085,2.500000e-04,2026-09-25T11:05:34
1968,40,0.6062,0.8094,2.500000e-04,2026-09-25T11:05:36
1969,40,0.5893,0.7931,2.500000e-04,2026-09-25T11:05:38
1970,40,0.5871,0.8163,2.500000e-04,2026-09-25T11:05:40
1971,40,0.5920,0.7941,2.500000e-04,2026-09-25T11:05:42
1972,40,0.5974,0.8199,2.500000e-04,2026-09-25T11:05:44
1973,40,0.5886,0.7962,2.500000e-04,2026-09-25T11:05:46
1974,40,0.6136,0.8200,2.500000e-04,2026-09-25T11:05:48
1975,40,0.6017,0.8083,2.500000e-04,2026-09-25T11:05:50
1976,40,0.5919,0.7929,2.500000e-04,2026-09-25T11:05:52
1977,40,0.6144,0.7861,2.500000e-04,2026-09-25T11:05:54
1978,40,0.5859,0.8129,2.500000e-04,2026-09-25T11:05:56
1979,40,0.5901,0.8156,2.500000e-04,2026-09-25T11:05:58
1980,40,0.5857,0.8128,2.500000e-04,2026-09-25T11:06:00
1981,40,0.5863,0.7976,2.500000e-04,2026-09-25T11:06:02
1982,40,0.5908,0.8316,2.500000e-04,2026-09-25T11:06:04
1983,40,0.6060,0.8124,2.500000e-04,2026-09-25T11:06:06
1984,40,0.5850,0.8200,2.500000e-04,2026-09-25T11:06:08
1985,40,0.6082,0.7988,2.500000e-04,2026-09-25T11:06:10
1986,40,0.5874,0.8069,2.500000e-04,2026-09-25T11:06:12
1987,40,0.6202,0.8272,2.500000e-04,2026-09-25T11:06:14
1988,40,0.5905,0.8254,2.500000e-04,2026-09-25T11:06:16
1989,40,0.6060,0.8236,2.500000e-04,2026-09-25T11:06:18
1990,40,0.6140,0.7939,2.500000e-04,2026-09-25T11:06:20
1991,40,0.6082,0.7979,2.500000e-04,2026-09-25T11:06:22
1992,40,0.6105,0.8017,2.500000e-04,2026-09-25T11:06:24
1993,40,0.6007,0.8137,2.500000e-04,2026-09-25T11:06:26
1994,40,0.5926,0.8038,2.500000e-04,2026-09-25T11:06:28
1995,40,0.5882,0.7949,2.500000e-04,2026-09-25T11:06:30
1996,40,0.6154,0.8095,2.500000e-04,2026-09-25T11:06:32
1997,40,0.5995,0.7923,2.500000e-04,2026-09-25T11:06:34
1998,40,0.5878,0.8082,2.500000e-04,2026-09-25T11:06:36
1999,40,0.6065,0.7870,2.500000e-04,2026-09-25T11:06:38
2000,40,0.6126,0.8095,2.500000e-04,2026-09-25T11:06:40
2001,41,0.5655,0.8408,2.500000e-04,2026-09-25T11:06:42
2002,41,0.5659,0.8469,2.500000e-04,2026-09-25T11:06:44
2003,41,0.5901,0.8618,2.500000e-04,2026-09-25T11:06:46
2004,41,0.5883,0.8492,2.500000e-04,2026-09-25T11:06:48
2005,41,0.5795,0.8352,2.500000e-04,2026-09-25T11:06:50
2006,41,0.5629,0.8432,2.500000e-04,2026-09-25T11:06:52
2007,41,0.5693,0.8570,2.500000e-04,2026-09-25T11:06:54
2008,41,0.5888,0.8357,2.500000e-04,2026-09-25T11:06:56
2009,41,0.5818,0.8539,2.500000e-04,2026-09-25T11:06:58
2010,41,0.5878,0.8516,2.500000e-04,2026-09-25T11:07:00
2011,41,0.5648,0.8232,2.500000e-04,2026-09-25T11:07:02
2012,41,0.5779,0.8282,2.500000e-04,2026-09-25T11:07:04
2013,41,0.5912,0.8308,2.500000e-04,2026-09-25T11:07:06
2014,41,0.5918,0.8371,2.500000e-04,2026-09-25T11:07:08
2015,41,0.5679,0.8523,2.500000e-04,2026-09-25T11:07:10
2016,41,0.5888,0.8456,2.500000e-04,2026-09-25T11:07:12
2017,41,0.5655,0.8168,2.500000e-04,2026-09-25T11:07:14
2018,41,0.5841,0.8512,2.500000e-04,2026-09-25T11:07:16
2019,41,0.5723,0.8348,2.500000e-04,2026-09-25T11:07:18
2020,41,0.5668,0.8494,2.500000e-04,2026-09-25T11:07:20
2021,41,0.5702,0.8596,2.500000e-04,2026-09-25T11:07:22
2022,41,0.5761,0.8349,2.500000e-04,2026-09-25T11:07:24
2023,41,0.5709,0.8508,2.500000e-04,2026-09-25T11:07:26
2024,41,0.5876,0.8373,2.500000e-04,2026-09-25T11:07:28
2025,41,0.5886,0.8408,2.500000e-04,2026-09-25T11:07:30
2026,41,0.5742,0.8445,2.500000e-04,2026-09-25T11:07:32
2027,41,0.5702,0.8319,2.500000e-04,2026-09-25T11:07:34
2028,41,0.5733,0.8521,2.500000e-04,2026-09-25T11:07:36
2029,41,0.5869,0.8596,2.500000e-04,2026-09-25T11:07:38
2030,41,0.5843,0.8542,2.500000e-04,2026-09-25T11:07:40
2031,41,0.5769,0.8518,2.500000e-04,2026-09-25T11:07:42
2032,41,0.5670,0.8273,2.500000e-04,2026-09-25T11:07:44
2033,41,0.5753,0.8335,2.500000e-04,2026-09-25T11:07:46
2034,41,0.5805,0.8517,2.500000e-04,2026-09-25T11:07:48
2035,41,0.5859,0.8246,2.500000e-04,2026-09-25T11:07:50
2036,41,0.5949,0.8167,2.500000e-04,2026-09-25T11:07:52
2037,41,0.5645,0.8238,2.500000e-04,2026-09-25T11:07:54
2038,41,0.5935,0.8384,2.500000e-04,2026-09-25T11:07:56
2039,41,0.5636,0.8277,2.500000e-04,2026-09-25T11:07:58
2040,41,0.5642,0.8184,2.500000e-04,2026-09-25T11:08:00
2041,41,0.5747,0.8662,2.500000e-04,2026-09-25T11:08:02
2042,41,0.5827,0.8428,2.500000e-04,2026-09-25T11:08:04
2043,41,0.5861,0.8466,2.500000e-04,2026-09-25T11:08:06
2044,41,0.5942,0.8579,2.500000e-04,2026-09-25T11:08:08
2045,41,0.5836,0.8386,2.500000e-04,2026-09-25T11:08:10
2046,41,0.5684,0.8496,2.500000e-04,2026-09-25T11:08:12
2047,41,0.5893,0.8309,2.500000e-04,2026-09-25T11:08:14
2048,41,0.5625,0.8467,2.500000e-04,2026-09-25T11:08:16
2049,41,0.5793,0.8282,2.500000e-04,2026-09-25T11:08:18
2050,41,0.5673,0.8183,2.500000e-04,2026-09-25T11:08:20
2051,42,0.5473,0.8479,2.500000e-04,2026-09-25T11:08:22
2052,42,0.5445,0.9001,2.500000e-04,2026-09-25T11:08:24
2053,42,0.5653,0.8664,2.500000e-04,2026-09-25T11:08:26
2054,42,0.5525,0.8786,2.500000e-04,2026-09-25T11:08:28
2055,42,0.5566,0.8865,2.500000e-04,2026-09-25T11:08:30
2056,42,0.5416,0.8526,2.500000e-04,2026-09-25T11:08:32
2057,42,0.5488,0.8914,2.500000e-04,2026-09-25T11:08:34
2058,42,0.5698,0.8661,2.500000e-04,2026-09-25T11:08:36
2059,42,0.5714,0.8624,2.500000e-04,2026-09-25T11:08:38
2060,42,0.5595,0.8581,2.500000e-04,2026-09-25T11:08:40
2061,42,0.5703,0.8780,2.500000e-04,2026-09-25T11:08:42
2062,42,0.5480,0.8692,2.500000e-04,2026-09-25T11:08:44
2063,42,0.5428,0.8517,2.500000e-04,2026-09-25T11:08:46
2064,42,0.5491,0.8975,2.500000e-04,2026-09-25T11:08:48
2065,42,0.5661,0.8980,2.500000e-04,2026-09-25T11:08:50
2066,42,0.5685,0.8905,2.500000e-04,2026-09-25T11:08:52
2067,42,0.5585,0.8843,2.500000e-04,2026-09-25T11:08:54
2068,42,0.5715,0.8774,2.500000e-04,2026-09-25T11:08:56
2069,42,0.5650,0.8876,2.500000e-04,2026-09-25T11:08:58
2070,42,0.5713,0.8719,2.500000e-04,2026-09-25T11:09:00
2071,42,0.5547,0.8786,2.500000e-04,2026-09-25T11:09:02
2072,42,0.5402,0.8540,2.500000e-04,2026-09-25T11:09:04
2073,42,0.5415,0.8811,2.500000e-04,2026-09-25T11:09:06
2074,42,0.5724,0.8834,2.500000e-04,2026-09-25T11:09:08
2075,42,0.5470,0.8644,2.500000e-04,2026-09-25T11:09:10
2076,42,0.5712,0.8749,2.500000e-04,2026-09-25T11:09:12
2077,42,0.5396,0.8915,2.500000e-04,2026-09-25T11:09:14
2078,42,0.5476,0.8527,2.500000e-04,2026-09-25T11:09:16
2079,42,0.5618,0.8909,2.500000e-04,2026-09-25T11:09:18
2080,42,0.5418,0.8967,2.500000e-04,2026-09-25T11:09:20
2081,42,0.5552,0.8664,2.500000e-04,2026-09-25T11:09:22
2082,42,0.5691,0.8620,2.500000e-04,2026-09-25T11:09:24
2083,42,0.5709,0.8837,2.500000e-04,2026-09-25T11:09:26
2084,42,0.5696,0.8740,2.500000e-04,2026-09-25T11:09:28
2085,42,0.5459,0.8864,2.500000e-04,2026-09-25T11:09:30
2086,42,0.5684,0.8587,2.500000e-04,2026-09-25T11:09:32
2087,42,0.5460,0.8610,2.500000e-04,2026-09-25T11:09:34
2088,42,0.5599,0.8560,2.500000e-04,2026-09-25T11:09:36
2089,42,0.5428,0.8961,2.500000e-04,2026-09-25T11:09:38
2090,42,0.5618,0.8827,2.500000e-04,2026-09-25T11:09:40
2091,42,0.5598,0.8879,2.500000e-04,2026-09-25T11:09:42
2092,42,0.5573,0.8501,2.500000e-04,2026-09-25T11:09:44
2093,42,0.5554,0.8804,2.500000e-04,2026-09-25T11:09:46
2094,42,0.5557,0.8995,2.500000e-04,2026-09-25T11:09:48
2095,42,0.5692,0.8934,2.500000e-04,2026-09-25T11:09:50
2096,42,0.5557,0.8995,2.500000e-04,2026-09-25T11:09:52
2097,42,0.5698,0.8626,2.500000e-04,2026-09-25T11:09:54
2098,42,0.5467,0.8781,2.500000e-04,2026-09-25T11:09:56
2099,42,0.5411,0.8898,2.500000e-04,2026-09-25T11:09:58
2100,42,0.5552,0.8762,2.500000e-04,2026-09-25T11:10:00
2101,43,0.5341,0.9007,2.500000e-04,2026-09-25T11:10:02
2102,43,0.5400,0.8888,2.500000e-04,2026-09-25T11:10:04
2103,43,0.5493,0.9172,2.500000e-04,2026-09-25T11:10:06
2104,43,0.5327,0.9167,2.500000e-04,2026-09-25T11:10:08
2105,43,0.5184,0.8907,2.500000e-04,2026-09-25T11:10:10
2106,43,0.5366,0.8970,2.500000e-04,2026-09-25T11:10:12
2107,43,0.5376,0.8934,2.500000e-04,2026-09-25T11:10:14
2108,43,0.5356,0.8922,2.500000e-04,2026-09-25T11:10:16
2109,43,0.5331,0.9126,2.500000e-04,2026-09-25T11:10:18
2110,43,0.5297,0.9064,2.500000e-04,2026-09-25T11:10:20
2111,43,0.5248,0.9174,2.500000e-04,2026-09-25T11:10:22
2112,43,0.5299,0.9257,2.500000e-04,2026-09-25T11:10:24
2113,43,0.5270,0.8890,2.500000e-04,2026-09-25T11:10:26
2114,43,0.5222,0.9106,2.500000e-04,2026-09-25T11:10:28
2115,43,0.5253,0.8847,2.500000e-04,2026-09-25T11:10:30
2116,43,0.5267,0.8921,2.500000e-04,2026-09-25T11:10:32
2117,43,0.5319,0.9000,2.500000e-04,2026-09-25T11:10:34
2118,43,0.5227,0.9314,2.500000e-04,2026-09-25T11:10:36
2119,43,0.5228,0.9231,2.500000e-04,2026-09-25T11:10:38
2120,43,0.5237,0.9064,2.500000e-04,2026-09-25T11:10:40
2121,43,0.5499,0.9255,2.500000e-04,2026-09-25T11:10:42
2122,43,0.5346,0.9185,2.500000e-04,2026-09-25T11:10:44
2123,43,0.5432,0.8956,2.500000e-04,2026-09-25T11:10:46
2124,43,0.5360,0.9101,2.500000e-04,2026-09-25T11:10:48
2125,43,0.5308,0.9168,2.500000e-04,2026-09-25T11:10:50
2126,43,0.5199,0.9235,2.500000e-04,2026-09-25T11:10:52
2127,43,0.5333,0.9135,2.500000e-04,2026-09-25T11:10:54
2128,43,0.5324,0.8975,2.500000e-04,2026-09-25T11:10:56
2129,43,0.5296,0.9097,2.500000e-04,2026-09-25T11:10:58
2130,43,0.5479,0.8933,2.500000e-04,2026-09-25T11:11:00
2131,43,0.5186,0.8859,2.500000e-04,2026-09-25T11:11:02
2132,43,0.5458,0.9316,2.500000e-04,2026-09-25T11:11:04
2133,43,0.5244,0.9106,2.500000e-04,2026-09-25T11:11:06
2134,43,0.5388,0.8888,2.500000e-04,2026-09-25T11:11:08
2135,43,0.5430,0.8986,2.500000e-04,2026-09-25T11:11:10
2136,43,0.5396,0.9058,2.500000e-04,2026-09-25T11:11:12
2137,43,0.5416,0.9276,2.500000e-04,2026-09-25T11:11:14
2138,43,0.5302,0.8948,2.500000e-04,2026-09-25T11:11:16
2139,43,0.5382,0.8871,2.500000e-04,2026-09-25T11:11:18
2140,43,0.5234,0.9232,2.500000e-04,2026-09-25T11:11:20
2141,43,0.5288,0.9136,2.500000e-04,2026-09-25T11:11:22
2142,43,0.5363,0.9254,2.500000e-04,2026-09-25T11:11:24
2143,43,0.5203,0.8881,2.500000e-04,2026-09-25T11:11:26
2144,43,0.5253,0.8965,2.500000e-04,2026-09-25T11:11:28
2145,43,0.5273,0.8938,2.500000e-04,2026-09-25T11:11:30
2146,43,0.5387,0.8940,2.500000e-04,2026-09-25T11:11:32
2147,43,0.5323,0.9262,2.500000e-04,2026-09-25T11:11:34
2148,43,0.5296,0.9112,2.500000e-04,2026-09-25T11:11:36
2149,43,0.5489,0.9018,2.500000e-04,2026-09-25T11:11:38
2150,43,0.5239,0.8805,2.500000e-04,2026-09-25T11:11:40
2151,44,0.5199,0.9480,2.500000e-04,2026-09-25T11:11:42
2152,44,0.5265,0.9501,2.500000e-04,2026-09-25T11:11:44
2153,44,0.5000,0.9201,2.500000e-04,2026-09-25T11:11:46
2154,44,0.5007,0.9143,2.500000e-04,2026-09-25T11:11:48
2155,44,0.5246,0.9416,2.500000e-04,2026-09-25T11:11:50
2156,44,0.4983,0.9330,2.500000e-04,2026-09-25T11:11:52
2157,44,0.5211,0.9154,2.500000e-04,2026-09-25T11:11:54
2158,44,0.5056,0.9194,2.500000e-04,2026-09-25T11:11:56
2159,44,0.5177,0.9605,2.500000e-04,2026-09-25T11:11:58
2160,44,0.5070,0.9246,2.500000e-04,2026-09-25T11:12:00
2161,44,0.5063,0.9460,2.500000e-04,2026-09-25T11:12:02
2162,44,0.5016,0.9579,2.500000e-04,2026-09-25T11:12:04
2163,44,0.4984,0.9480,2.500000e-04,2026-09-25T11:12:06
2164,44,0.5240,0.9290,2.500000e-04,2026-09-25T11:12:08
2165,44,0.5122,0.9656,2.500000e-04,2026-09-25T11:12:10
2166,44,0.5141,0.9260,2.500000e-04,2026-09-25T11:12:12
2167,44,0.5112,0.9653,2.500000e-04,2026-09-25T11:12:14
2168,44,0.5190,0.9206,2.500000e-04,2026-09-25T11:12:16
2169,44,0.5159,0.9462,2.500000e-04,2026-09-25T11:12:18
2170,44,0.5171,0.9424,2.500000e-04,2026-09-25T11:12:20
2171,44,0.5136,0.9467,2.500000e-04,2026-09-25T11:12:22
2172,44,0.5070,0.9302,2.500000e-04,2026-09-25T11:12:24
2173,44,0.5141,0.9560,2.500000e-04,2026-09-25T11:12:26
2174,44,0.5111,0.9313,2.500000e-04,2026-09-25T11:12:28
2175,44,0.5055,0.9278,2.500000e-04,2026-09-25T11:12:30
2176,44,0.4975,0.9566,2.500000e-04,2026-09-25T11:12:32
2177,44,0.5236,0.9300,2.500000e-04,2026-09-25T11:12:34
2178,44,0.5120,0.9111,2.500000e-04,2026-09-25T11:12:36
2179,44,0.5259,0.9640,2.500000e-04,2026-09-25T11:12:38
2180,44,0.5122,0.9112,2.500000e-04,2026-09-25T11:12:40
2181,44,0.5108,0.9272,2.500000e-04,2026-09-25T11:12:42
2182,44,0.5046,0.9111,2.500000e-04,2026-09-25T11:12:44
2183,44,0.5090,0.9339,2.500000e-04,2026-09-25T11:12:46
2184,44,0.5148,0.9329,2.500000e-04,2026-09-25T11:12:48
2185,44,0.5025,0.9522,2.500000e-04,2026-09-25T11:12:50
2186,44,0.5095,0.9320,2.500000e-04,2026-09-25T11:12:52
2187,44,0.5056,0.9344,2.500000e-04,2026-09-25T11:12:54
2188,44,0.5049,0.9537,2.500000e-04,2026-09-25T11:12:56
2189,44,0.5255,0.9562,2.500000e-04,2026-09-25T11:12:58
2190,44,0.5186,0.9267,2.500000e-04,2026-09-25T11:13:00
2191,44,0.5204,0.9562,2.500000e-04,2026-09-25T11:13:02
2192,44,0.5102,0.9587,2.500000e-04,2026-09-25T11:13:04
2193,44,0.5031,0.9270,2.500000e-04,2026-09-25T11:13:06
2194,44,0.5171,0.9455,2.500000e-04,2026-09-25T11:13:08
2195,44,0.5059,0.9457,2.500000e-04,2026-09-25T11:13:10
2196,44,0.5033,0.9118,2.500000e-04,2026-09-25T11:13:12
2197,44,0.4990,0.9408,2.500000e-04,2026-09-25T11:13:14
2198,44,0.5032,0.9164,2.500000e-04,2026-09-25T11:13:16
2199,44,0.5058,0.9510,2.500000e-04,2026-09-25T11:13:18
2200,44,0.5199,0.9238,2.500000e-04,2026-09-25T11:13:20
2201,45,0.4822,0.9708,2.500000e-04,2026-09-25T11:13:22
2202,45,0.4879,0.9602,2.500000e-04,2026-09-25T11:13:24
2203,45,0.5014,1.0002,2.500000e-04,2026-09-25T11:13:26
2204,45,0.4915,0.9882,2.500000e-04,2026-09-25T11:13:28
2205,45,0.4875,0.9912,2.500000e-04,2026-09-25T11:13:30
2206,45,0.5059,0.9453,2.500000e-04,2026-09-25T11:13:32
2207,45,0.5007,0.9462,2.500000e-04,2026-09-25T11:13:34
2208,45,0.4917,0.9533,2.500000e-04,2026-09-25T11:13:36
2209,45,0.5027,0.9897,2.500000e-04,2026-09-25T11:13:38
2210,45,0.5023,0.9492,2.500000e-04,2026-09-25T11:13:40
2211,45,0.5005,0.9566,2.500000e-04,2026-09-25T11:13:42
2212,45,0.5006,0.9679,2.500000e-04,2026-09-25T11:13:44
2213,45,0.4996,0.9440,2.500000e-04,2026-09-25T11:13:46
2214,45,0.4914,0.9870,2.500000e-04,2026-09-25T11:13:48
2215,45,0.4932,0.9993,2.500000e-04,2026-09-25T11:13:50
2216,45,0.4918,0.9818,2.500000e-04,2026-09-25T11:13:52
2217,45,0.4870,0.9609,2.500000e-04,2026-09-25T11:13:54
2218,45,0.4964,0.9445,2.500000e-04,2026-09-25T11:13:56
2219,45,0.5055,0.9724,2.500000e-04,2026-09-25T11:13:58
2220,45,0.4853,0.9793,2.500000e-04,2026-09-25T11:14:00
2221,45,0.4837,0.9938,2.500000e-04,2026-09-25T11:14:02
2222,45,0.5033,0.9548,2.500000e-04,2026-09-25T11:14:04
2223,45,0.4811,0.9789,2.500000e-04,2026-09-25T11:14:06
2224,45,0.4874,0.9518,2.500000e-04,2026-09-25T11:14:08
2225,45,0.4859,0.9490,2.500000e-04,2026-09-25T11:14:10
2226,45,0.5011,0.9426,2.500000e-04,2026-09-25T11:14:12
2227,45,0.4790,0.9877,2.500000e-04,2026-09-25T11:14:14
2228,45,0.4918,0.9768,2.500000e-04,2026-09-25T11:14:16
2229,45,0.4888,0.9473,2.500000e-04,2026-09-25T11:14:18
2230,45,0.4824,0.9474,2.500000e-04,2026-09-25T11:14:20
2231,45,0.4961,0.9963,2.500000e-04,2026-09-25T11:14:22
2232,45,0.5072,0.9785,2.500000e-04,2026-09-25T11:14:24
2233,45,0.4795,0.9796,2.500000e-04,2026-09-25T11:14:26
2234,45,0.4985,0.9882,2.500000e-04,2026-09-25T11:14:28
2235,45,0.4815,0.9556,2.500000e-04,2026-09-25T11:14:30
2236,45,0.5068,0.9880,2.500000e-04,2026-09-25T11:14:32
2237,45,0.5001,0.9890,2.500000e-04,2026-09-25T11:14:34
2238,45,0.4907,0.9533,2.500000e-04,2026-09-25T11:14:36
2239,45,0.4981,0.9629,2.500000e-04,2026-09-25T11:14:38
2240,45,0.4818,0.9944,2.500000e-04,2026-09-25T11:14:40
2241,45,0.4921,0.9676,2.500000e-04,2026-09-25T11:14:42
2242,45,0.4865,0.9827,2.500000e-04,2026-09-25T11:14:44
2243,45,0.4834,0.9529,2.500000e-04,2026-09-25T11:14:46
2244,45,0.4881,0.9847,2.500000e-04,2026-09-25T11:14:48
2245,45,0.4859,0.9905,2.500000e-04,2026-09-25T11:14:50
2246,45,0.5048,0.9744,2.500000e-04,2026-09-25T11:14:52
2247,45,0.4798,0.9511,2.500000e-04,2026-09-25T11:14:54
2248,45,0.4865,0.9574,2.500000e-04,2026-09-25T11:14:56
2249,45,0.4886,0.9421,2.500000e-04,2026-09-25T11:14:58
2250,45,0.4966,0.9642,2.500000e-04,2026-09-25T11:15:00
2251,46,0.4640,0.9746,2.500000e-04,2026-09-25T11:15:02
2252,46,0.4831,1.0202,2.500000e-04,2026-09-25T11:15:04
2253,46,0.4656,1.0169,2.500000e-04,2026-09-25T11:15:06
2254,46,0.4775,1.0059,2.500000e-04,2026-09-25T11:15:08
2255,46,0.4698,1.0050,2.500000e-04,2026-09-25T11:15:10
2256,46,0.4729,1.0067,2.500000e-04,2026-09-25T11:15:12
2257,46,0.4762,0.9929,2.500000e-04,2026-09-25T11:15:14
2258,46,0.4770,0.9801,2.500000e-04,2026-09-25T11:15:16
2259,46,0.4736,0.9775,2.500000e-04,2026-09-25T11:15:18
2260,46,0.4825,0.9813,2.500000e-04,2026-09-25T11:15:20
2261,46,0.4836,0.9856,2.500000e-04,2026-09-25T11:15:22
2262,46,0.4726,0.9794,2.500000e-04,2026-09-25T11:15:24
2263,46,0.4750,1.0238,2.500000e-04,2026-09-25T11:15:26
2264,46,0.4774,1.0051,2.500000e-04,2026-09-25T11:15:28
2265,46,0.4787,0.9889,2.500000e-04,2026-09-25T11:15:30
2266,46,0.4692,1.0100,2.500000e-04,2026-09-25T11:15:32
2267,46,0.4608,1.0295,2.500000e-04,2026-09-25T11:15:34
2268,46,0.4647,1.0031,2.500000e-04,2026-09-25T11:15:36
2269,46,0.4840,0.9783,2.500000e-04,2026-09-25T11:15:38
2270,46,0.4815,0.9771,2.500000e-04,2026-09-25T11:15:40
2271,46,0.4746,1.0300,2.500000e-04,2026-09-25T11:15:42
2272,46,0.4706,0.9957,2.500000e-04,2026-09-25T11:15:44
2273,46,0.4789,1.0231,2.500000e-04,2026-09-25T11:15:46
2274,46,0.4663,0.9759,2.500000e-04,2026-09-25T11:15:48
2275,46,0.4608,0.9918,2.500000e-04,2026-09-25T11:15:50
2276,46,0.4856,1.0313,2.500000e-04,2026-09-25T11:15:52
2277,46,0.4615,1.0171,2.500000e-04,2026-09-25T11:15:54
2278,46,0.4739,0.9849,2.500000e-04,2026-09-25T11:15:56
2279,46,0.4737,0.9884,2.500000e-04,2026-09-25T11:15:58
2280,46,0.4765,0.9842,2.500000e-04,2026-09-25T11:16:00
2281,46,0.4800,0.9985,2.500000e-04,2026-09-25T11:16:02
2282,46,0.4618,1.0119,2.500000e-04,2026-09-25T11:16:04
2283,46,0.4689,1.0011,2.500000e-04,2026-09-25T11:16:06
2284,46,0.4777,1.0266,2.500000e-04,2026-09-25T11:16:08
2285,46,0.4635,0.9843,2.500000e-04,2026-09-25T11:16:10
2286,46,0.4702,0.9938,2.500000e-04,2026-09-25T11:16:12
2287,46,0.4633,1.0336,2.500000e-04,2026-09-25T11:16:14
2288,46,0.4714,0.9947,2.500000e-04,2026-09-25T11:16:16
2289,46,0.4677,1.0332,2.500000e-04,2026-09-25T11:16:18
2290,46,0.4680,0.9959,2.500000e-04,2026-09-25T11:16:20
2291,46,0.4805,0.9994,2.500000e-04,2026-09-25T11:16:22
2292,46,0.4794,1.0101,2.500000e-04,2026-09-25T11:16:24
2293,46,0.4748,0.9863,2.500000e-04,2026-09-25T11:16:26
2294,46,0.4805,1.0292,2.500000e-04,2026-09-25T11:16:28
2295,46,0.4660,1.0314,2.500000e-04,2026-09-25T11:16:30
2296,46,0.4715,0.9974,2.500000e-04,2026-09-25T11:16:32
2297,46,0.4794,1.0327,2.500000e-04,2026-09-25T11:16:34
2298,46,0.4757,1.0046,2.500000e-04,2026-09-25T11:16:36
2299,46,0.4870,0.9916,2.500000e-04,2026-09-25T11:16:38
2300,46,0.4673,0.9868,2.500000e-04,2026-09-25T11:16:40
2301,47,0.4638,1.0062,2.500000e-04,2026-09-25T11:16:42
2302,47,0.4629,1.0477,2.500000e-04,2026-09-25T11:16:44
2303,47,0.4480,1.0393,2.500000e-04,2026-09-25T11:16:46
2304,47,0.4556,1.0624,2.500000e-04,2026-09-25T11:16:48
2305,47,0.4447,1.0072,2.500000e-04,2026-09-25T11:16:50
2306,47,0.4502,1.0135,2.500000e-04,2026-09-25T11:16:52
2307,47,0.4505,1.0411,2.500000e-04,2026-09-25T11:16:54
2308,47,0.4468,1.0553,2.500000e-04,2026-09-25T11:16:56
2309,47,0.4430,1.0297,2.500000e-04,2026-09-25T11:16:58
2310,47,0.4655,1.0505,2.500000e-04,2026-09-25T11:17:00
2311,47,0.4602,1.0542,2.500000e-04,2026-09-25T11:17:02
2312,47,0.4452,1.0562,2.500000e-04,2026-09-25T11:17:04
2313,47,0.4593,1.0407,2.500000e-04,2026-09-25T11:17:06
2314,47,0.4652,1.0419,2.500000e-04,2026-09-25T11:17:08
2315,47,0.4487,1.0503,2.500000e-04,2026-09-25T11:17:10
2316,47,0.4562,1.0097,2.500000e-04,2026-09-25T11:17:12
2317,47,0.4420,1.0528,2.500000e-04,2026-09-25T11:17:14
2318,47,0.4500,1.0557,2.500000e-04,2026-09-25T11:17:16
2319,47,0.4518,1.0588,2.500000e-04,2026-09-25T11:17:18
2320,47,0.4642,1.0190,2.500000e-04,2026-09-25T11:17:20
2321,47,0.4583,1.0423,2.500000e-04,2026-09-25T11:17:22
2322,47,0.4408,1.0532,2.500000e-04,2026-09-25T11:17:24
2323,47,0.4509,1.0238,2.500000e-04,2026-09-25T11:17:26
2324,47,0.4416,1.0384,2.500000e-04,2026-09-25T11:17:28
2325,47,0.4446,1.0361,2.500000e-04,2026-09-25T11:17:30
2326,47,0.4465,1.0080,2.500000e-04,2026-09-25T11:17:32
2327,47,0.4604,1.0293,2.500000e-04,2026-09-25T11:17:34
2328,47,0.4526,1.0419,2.500000e-04,2026-09-25T11:17:36
2329,47,0.4542,1.0187,2.500000e-04,2026-09-25T11:17:38
2330,47,0.4484,1.0294,2.500000e-04,2026-09-25T11:17:40
2331,47,0.4441,1.0100,2.500000e-04,2026-09-25T11:17:42
2332,47,0.4561,1.0079,2.500000e-04,2026-09-25T11:17:44
2333,47,0.4514,1.0102,2.500000e-04,2026-09-25T11:17:46
2334,47,0.4542,1.0530,2.500000e-04,2026-09-25T11:17:48
2335,47,0.4440,1.0133,2.500000e-04,2026-09-25T11:17:50
2336,47,0.4557,1.0352,2.500000e-04,2026-09-25T11:17:52
2337,47,0.4583,1.0171,2.500000e-04,2026-09-25T11:17:54
2338,47,0.4573,1.0506,2.500000e-04,2026-09-25T11:17:56
2339,47,0.4472,1.0093,2.500000e-04,2026-09-25T11:17:58
2340,47,0.4616,1.0250,2.500000e-04,2026-09-25T11:18:00
2341,47,0.4657,1.0104,2.500000e-04,2026-09-25T11:18:02
2342,47,0.4588,1.0312,2.500000e-04,2026-09-25T11:18:04
2343,47,0.4500,1.0248,2.500000e-04,2026-09-25T11:18:06
2344,47,0.4567,1.0064,2.500000e-04,2026-09-25T11:18:08
2345,47,0.4488,1.0663,2.500000e-04,2026-09-25T11:18:10
2346,47,0.4573,1.0664,2.500000e-04,2026-09-25T11:18:12
2347,47,0.4525,1.0139,2.500000e-04,2026-09-25T11:18:14
2348,47,0.4417,1.0557,2.500000e-04,2026-09-25T11:18:16
2349,47,0.4459,1.0281,2.500000e-04,2026-09-25T11:18:18
2350,47,0.4611,1.0579,2.500000e-04,2026-09-25T11:18:20
2351,48,0.4258,1.0398,2.500000e-04,2026-09-25T11:18:22
2352,48,0.4477,1.0957,2.500000e-04,2026-09-25T11:18:24
2353,48,0.4456,1.0888,2.500000e-04,2026-09-25T11:18:26
2354,48,0.4232,1.0807,2.500000e-04,2026-09-25T11:18:28
2355,48,0.4258,1.0651,2.500000e-04,2026-09-25T11:18:30
2356,48,0.4235,1.0497,2.500000e-04,2026-09-25T11:18:32
2357,48,0.4369,1.0493,2.500000e-04,2026-09-25T11:18:34
2358,48,0.4366,1.0529,2.500000e-04,2026-09-25T11:18:36
2359,48,0.4355,1.0831,2.500000e-04,2026-09-25T11:18:38
2360,48,0.4266,1.0811,2.500000e-04,2026-09-25T11:18:40
2361,48,0.4233,1.0736,2.500000e-04,2026-09-25T11:18:42
2362,48,0.4402,1.0391,2.500000e-04,2026-09-25T11:18:44
2363,48,0.4273,1.0545,2.500000e-04,2026-09-25T11:18:46
2364,48,0.4435,1.0759,2.500000e-04,2026-09-25T11:18:48
2365,48,0.4243,1.0782,2.500000e-04,2026-09-25T11:18:50
2366,48,0.4231,1.0612,2.500000e-04,2026-09-25T11:18:52
2367,48,0.4300,1.0909,2.500000e-04,2026-09-25T11:18:54
2368,48,0.4401,1.0917,2.500000e-04,2026-09-25T11:18:56
2369,48,0.4234,1.0919,2.500000e-04,2026-09-25T11:18:58
2370,48,0.4399,1.0511,2.500000e-04,2026-09-25T11:19:00
2371,48,0.4328,1.0989,2.500000e-04,2026-09-25T11:19:02
2372,48,0.4255,1.0565,2.500000e-04,2026-09-25T11:19:04
2373,48,0.4455,1.0703,2.500000e-04,2026-09-25T11:19:06
2374,48,0.4277,1.0684,2.500000e-04,2026-09-25T11:19:08
2375,48,0.4348,1.0957,2.500000e-04,2026-09-25T11:19:10
2376,48,0.4234,1.0521,2.500000e-04,2026-09-25T11:19:12
2377,48,0.4367,1.0577,2.500000e-04,2026-09-25T11:19:14
2378,48,0.4332,1.0463,2.500000e-04,2026-09-25T11:19:16
2379,48,0.4319,1.0588,2.500000e-04,2026-09-25T11:19:18
2380,48,0.4392,1.0514,2.500000e-04,2026-09-25T11:19:20
2381,48,0.4485,1.0684,2.500000e-04,2026-09-25T11:19:22
2382,48,0.4441,1.0764,2.500000e-04,2026-09-25T11:19:24
2383,48,0.4459,1.0933,2.500000e-04,2026-09-25T11:19:26
2384,48,0.4442,1.0382,2.500000e-04,2026-09-25T11:19:28
2385,48,0.4374,1.0542,2.500000e-04,2026-09-25T11:19:30
2386,48,0.4268,1.0938,2.500000e-04,2026-09-25T11:19:32
2387,48,0.4401,1.0419,2.500000e-04,2026-09-25T11:19:34
2388,48,0.4329,1.0978,2.500000e-04,2026-09-25T11:19:36
2389,48,0.4389,1.0764,2.500000e-04,2026-09-25T11:19:38
2390,48,0.4288,1.0517,2.500000e-04,2026-09-25T11:19:40
2391,48,0.4269,1.0985,2.500000e-04,2026-09-25T11:19:42
2392,48,0.4467,1.0574,2.500000e-04,2026-09-25T11:19:44
2393,48,0.4371,1.0495,2.500000e-04,2026-09-25T11:19:46
2394,48,0.4265,1.0710,2.500000e-04,2026-09-25T11:19:48
2395,48,0.4438,1.0916,2.500000e-04,2026-09-25T11:19:50
2396,48,0.4310,1.0815,2.500000e-04,2026-09-25T11:19:52
2397,48,0.4366,1.0449,2.500000e-04,2026-09-25T11:19:54
2398,48,0.4489,1.0988,2.500000e-04,2026-09-25T11:19:56
2399,48,0.4267,1.0961,2.500000e-04,2026-09-25T11:19:58
2400,48,0.4469,1.0566,2.500000e-04,2026-09-25T11:20:00
2401,49,0.4199,1.1303,2.500000e-04,2026-09-25T11:20:02
2402,49,0.4089,1.0886,2.500000e-04,2026-09-25T11:20:04
2403,49,0.4280,1.1157,2.500000e-04,2026-09-25T11:20:06
2404,49,0.4251,1.1258,2.500000e-04,2026-09-25T11:20:08
2405,49,0.4163,1.0948,2.500000e-04,2026-09-25T11:20:10
2406,49,0.4170,1.1293,2.500000e-04,2026-09-25T11:20:12
2407,49,0.4284,1.1293,2.500000e-04,2026-09-25T11:20:14
2408,49,0.4128,1.1191,2.500000e-04,2026-09-25T11:20:16
2409,49,0.4086,1.0799,2.500000e-04,2026-09-25T11:20:18
2410,49,0.4251,1.1081,2.500000e-04,2026-09-25T11:20:20
2411,49,0.4126,1.1051,2.500000e-04,2026-09-25T11:20:22
2412,49,0.4117,1.0830,2.500000e-04,2026-09-25T11:20:24
2413,49,0.4232,1.0914,2.500000e-04,2026-09-25T11:20:26
2414,49,0.4232,1.0992,2.500000e-04,2026-09-25T11:20:28
2415,49,0.4185,1.1076,2.500000e-04,2026-09-25T11:20:30
2416,49,0.4238,1.0924,2.500000e-04,2026-09-25T11:20:32
2417,49,0.4273,1.1001,2.500000e-04,2026-09-25T11:20:34
2418,49,0.4094,1.0804,2.500000e-04,2026-09-25T11:20:36
2419,49,0.4067,1.1182,2.500000e-04,2026-09-25T11:20:38
2420,49,0.4063,1.0855,2.500000e-04,2026-09-25T11:20:40
2421,49,0.4163,1.1167,2.500000e-04,2026-09-25T11:20:42
2422,49,0.4307,1.1177,2.500000e-04,2026-09-25T11:20:44
2423,49,0.4076,1.1289,2.500000e-04,2026-09-25T11:20:46
2424,49,0.4307,1.1249,2.500000e-04,2026-09-25T11:20:48
2425,49,0.4182,1.0891,2.500000e-04,2026-09-25T11:20:50
2426,49,0.4174,1.0840,2.500000e-04,2026-09-25T11:20:52
2427,49,0.4161,1.0704,2.500000e-04,2026-09-25T11:20:54
2428,49,0.4244,1.0928,2.500000e-04,2026-09-25T11:20:56
2429,49,0.4138,1.1081,2.500000e-04,2026-09-25T11:20:58
2430,49,0.4246,1.1069,2.500000e-04,2026-09-25T11:21:00
2431,49,0.4191,1.1255,2.500000e-04,2026-09-25T11:21:02
2432,49,0.4257,1.1021,2.500000e-04,2026-09-25T11:21:04
2433,49,0.4172,1.1223,2.500000e-04,2026-09-25T11:21:06
2434,49,0.4070,1.1334,2.500000e-04,2026-09-25T11:21:08
2435,49,0.4189,1.0938,2.500000e-04,2026-09-25T11:21:10
2436,49,0.4244,1.1045,2.500000e-04,2026-09-25T11:21:12
2437,49,0.4189,1.1093,2.500000e-04,2026-09-25T11:21:14
2438,49,0.4071,1.0869,2.500000e-04,2026-09-25T11:21:16
2439,49,0.4159,1.0878,2.500000e-04,2026-09-25T11:21:18
2440,49,0.4267,1.0981,2.500000e-04,2026-09-25T11:21:20
2441,49,0.4165,1.1082,2.500000e-04,2026-09-25T11:21:22
2442,49,0.4073,1.1018,2.500000e-04,2026-09-25T11:21:24
2443,49,0.4095,1.1225,2.500000e-04,2026-09-25T11:21:26
2444,49,0.4173,1.1154,2.500000e-04,2026-09-25T11:21:28
2445,49,0.4088,1.1191,2.500000e-04,2026-09-25T11:21:30
2446,49,0.4295,1.1136,2.500000e-04,2026-09-25T11:21:32
2447,49,0.4093,1.0950,2.500000e-04,2026-09-25T11:21:34
2448,49,0.4172,1.0795,2.500000e-04,2026-09-25T11:21:36
2449,49,0.4207,1.1147,2.500000e-04,2026-09-25T11:21:38
2450,49,0.4110,1.0977,2.500000e-04,2026-09-25T11:21:40
2451,50,0.3956,1.1461,2.500000e-04,2026-09-25T11:21:42
2452,50,0.4114,1.1532,2.500000e-04,2026-09-25T11:21:44
2453,50,0.4069,1.1075,2.500000e-04,2026-09-25T11:21:46
2454,50,0.3923,1.1296,2.500000e-04,2026-09-25T11:21:48
2455,50,0.3983,1.1347,2.500000e-04,2026-09-25T11:21:50
2456,50,0.3988,1.1529,2.500000e-04,2026-09-25T11:21:52
2457,50,0.4019,1.1636,2.500000e-04,2026-09-25T11:21:54
2458,50,0.3987,1.1250,2.500000e-04,2026-09-25T11:21:56
2459,50,0.4081,1.1611,2.500000e-04,2026-09-25T11:21:58
2460,50,0.4032,1.1439,2.500000e-04,2026-09-25T11:22:00
2461,50,0.3932,1.1581,2.500000e-04,2026-09-25T11:22:02
2462,50,0.3939,1.1475,2.500000e-04,2026-09-25T11:22:04
2463,50,0.3997,1.1201,2.500000e-04,2026-09-25T11:22:06
2464,50,0.4081,1.1294,2.500000e-04,2026-09-25T11:22:08
2465,50,0.4047,1.1071,2.500000e-04,2026-09-25T11:22:10
2466,50,0.3928,1.1129,2.500000e-04,2026-09-25T11:22:12
2467,50,0.4046,1.1163,2.500000e-04,2026-09-25T11:22:14
2468,50,0.4006,1.1572,2.500000e-04,2026-09-25T11:22:16
2469,50,0.4027,1.0995,2.500000e-04,2026-09-25T11:22:18
2470,50,0.4109,1.1152,2.500000e-04,2026-09-25T11:22:20
2471,50,0.4038,1.1314,2.500000e-04,2026-09-25T11:22:22
2472,50,0.3995,1.1045,2.500000e-04,2026-09-25T11:22:24
2473,50,0.4040,1.1157,2.500000e-04,2026-09-25T11:22:26
2474,50,0.4028,1.1412,2.500000e-04,2026-09-25T11:22:28
2475,50,0.4030,1.1552,2.500000e-04,2026-09-25T11:22:30
2476,50,0.3908,1.1092,2.500000e-04,2026-09-25T11:22:32
2477,50,0.4053,1.1016,2.500000e-04,2026-09-25T11:22:34
2478,50,0.4102,1.1444,2.500000e-04,2026-09-25T11:22:36
2479,50,0.4098,1.1194,2.500000e-04,2026-09-25T11:22:38
2480,50,0.4118,1.1024,2.500000e-04,2026-09-25T11:22:40
2481,50,0.3996,1.1112,2.500000e-04,2026-09-25T11:22:42
2482,50,0.4058,1.1406,2.500000e-04,2026-09-25T11:22:44
2483,50,0.4062,1.1395,2.500000e-04,2026-09-25T11:22:46
2484,50,0.4086,1.1111,2.500000e-04,2026-09-25T11:22:48
2485,50,0.4006,1.1384,2.500000e-04,2026-09-25T11:22:50
2486,50,0.4120,1.1054,2.500000e-04,2026-09-25T11:22:52
2487,50,0.3968,1.1241,2.500000e-04,2026-09-25T11:22:54
2488,50,0.3987,1.1037,2.500000e-04,2026-09-25T11:22:56
2489,50,0.3999,1.1365,2.500000e-04,2026-09-25T11:22:58
2490,50,0.3966,1.1082,2.500000e-04,2026-09-25T11:23:00
2491,50,0.4063,1.1177,2.500000e-04,2026-09-25T11:23:02
2492,50,0.4023,1.1347,2.500000e-04,2026-09-25T11:23:04
2493,50,0.4064,1.1407,2.500000e-04,2026-09-25T11:23:06
2494,50,0.3922,1.1487,2.500000e-04,2026-09-25T11:23:08
2495,50,0.4047,1.1662,2.500000e-04,2026-09-25T11:23:10
2496,50,0.4012,1.1459,2.500000e-04,2026-09-25T11:23:12
2497,50,0.4121,1.1661,2.500000e-04,2026-09-25T11:23:14
2498,50,0.3965,1.1405,2.500000e-04,2026-09-25T11:23:16
2499,50,0.3972,1.1348,2.500000e-04,2026-09-25T11:23:18
2500,50,0.4136,1.1231,2.500000e-04,2026-09-25T11:23:20
2501,51,0.3769,1.1698,2.500000e-04,2026-09-25T11:23:22
2502,51,0.3859,1.1747,2.500000e-04,2026-09-25T11:23:24
2503,51,0.3853,1.1431,2.500000e-04,2026-09-25T11:23:26
2504,51,0.3880,1.1800,2.500000e-04,2026-09-25T11:23:28
2505,51,0.3965,1.1306,2.500000e-04,2026-09-25T11:23:30
2506,51,0.3744,1.1742,2.500000e-04,2026-09-25T11:23:32
2507,51,0.3766,1.1898,2.500000e-04,2026-09-25T11:23:34
2508,51,0.3924,1.2003,2.500000e-04,2026-09-25T11:23:36
2509,51,0.3834,1.1538,2.500000e-04,2026-09-25T11:23:38
2510,51,0.3868,1.1751,2.500000e-04,2026-09-25T11:23:40
2511,51,0.3741,1.1445,2.500000e-04,2026-09-25T11:23:42
2512,51,0.3804,1.1857,2.500000e-04,2026-09-25T11:23:44
2513,51,0.3810,1.1659,2.500000e-04,2026-09-25T11:23:46
2514,51,0.3814,1.1309,2.500000e-04,2026-09-25T11:23:48
2515,51,0.3897,1.1543,2.500000e-04,2026-09-25T11:23:50
2516,51,0.3906,1.1736,2.500000e-04,2026-09-25T11:23:52
2517,51,0.3745,1.1428,2.500000e-04,2026-09-25T11:23:54
2518,51,0.3815,1.1541,2.500000e-04,2026-09-25T11:23:56
2519,51,0.3894,1.1945,2.500000e-04,2026-09-25T11:23:58
2520,51,0.3923,1.1756,2.500000e-04,2026-09-25T11:24:00
2521,51,0.3850,1.1743,2.500000e-04,2026-09-25T11:24:02
2522,51,0.3945,1.1680,2.500000e-04,2026-09-25T11:24:04
2523,51,0.3816,1.1853,2.500000e-04,2026-09-25T11:24:06
2524,51,0.3834,1.1824,2.500000e-04,2026-09-25T11:24:08
2525,51,0.3932,1.1514,2.500000e-04,2026-09-25T11:24:10
2526,51,0.3906,1.1525,2.500000e-04,2026-09-25T11:24:12
2527,51,0.3863,1.1450,2.500000e-04,2026-09-25T11:24:14
2528,51,0.3897,1.1864,2.500000e-04,2026-09-25T11:24:16
2529,51,0.3944,1.1552,2.500000e-04,2026-09-25T11:24:18
2530,51,0.3963,1.1501,2.500000e-04,2026-09-25T11:24:20
2531,51,0.3746,1.1993,2.500000e-04,2026-09-25T11:24:22
2532,51,0.3884,1.1894,2.500000e-04,2026-09-25T11:24:24
2533,51,0.3871,1.1577,2.500000e-04,2026-09-25T11:24:26
2534,51,0.3876,1.1909,2.500000e-04,2026-09-25T11:24:28
2535,51,0.3913,1.1798,2.500000e-04,2026-09-25T11:24:30
2536,51,0.3811,1.1327,2.500000e-04,2026-09-25T11:24:32
2537,51,0.3834,1.1652,2.500000e-04,2026-09-25T11:24:34
2538,51,0.3794,1.1621,2.500000e-04,2026-09-25T11:24:36
2539,51,0.3959,1.1456,2.500000e-04,2026-09-25T11:24:38
2540,51,0.3809,1.1383,2.500000e-04,2026-09-25T11:24:40
2541,51,0.3920,1.1849,2.500000e-04,2026-09-25T11:24:42
2542,51,0.3950,1.1615,2.500000e-04,2026-09-25T11:24:44
2543,51,0.3744,1.1642,2.500000e-04,2026-09-25T11:24:46
2544,51,0.3854,1.1438,2.500000e-04,2026-09-25T11:24:48
2545,51,0.3952,1.1817,2.500000e-04,2026-09-25T11:24:50
2546,51,0.3860,1.1847,2.500000e-04,2026-09-25T11:24:52
2547,51,0.3772,1.1914,2.500000e-04,2026-09-25T11:24:54
2548,51,0.3929,1.1961,2.500000e-04,2026-09-25T11:24:56
2549,51,0.3895,1.1398,2.500000e-04,2026-09-25T11:24:58
2550,51,0.3906,1.1626,2.500000e-04,2026-09-25T11:25:00
2551,52,0.3746,1.1994,2.500000e-04,2026-09-25T11:25:02
2552,52,0.3588,1.2289,2.500000e-04,2026-09-25T11:25:04
2553,52,0.3740,1.2046,2.500000e-04,2026-09-25T11:25:06
2554,52,0.3607,1.1954,2.500000e-04,2026-09-25T11:25:08
2555,52,0.3598,1.1993,2.500000e-04,2026-09-25T11:25:10
2556,52,0.3734,1.1843,2.500000e-04,2026-09-25T11:25:12
2557,52,0.3716,1.1843,2.500000e-04,2026-09-25T11:25:14
2558,52,0.3785,1.1849,2.500000e-04,2026-09-25T11:25:16
2559,52,0.3630,1.1818,2.500000e-04,2026-09-25T11:25:18
2560,52,0.3658,1.1936,2.500000e-04,2026-09-25T11:25:20
2561,52,0.3614,1.1726,2.500000e-04,2026-09-25T11:25:22
2562,52,0.3648,1.1630,2.500000e-04,2026-09-25T11:25:24
2563,52,0.3726,1.1988,2.500000e-04,2026-09-25T11:25:26
2564,52,0.3633,1.1871,2.500000e-04,2026-09-25T11:25:28
2565,52,0.3658,1.1721,2.500000e-04,2026-09-25T11:25:30
2566,52,0.3744,1.1822,2.500000e-04,2026-09-25T11:25:32
2567,52,0.3642,1.1670,2.500000e-04,2026-09-25T11:25:34
2568,52,0.3724,1.1862,2.500000e-04,2026-09-25T11:25:36
2569,52,0.3686,1.1712,2.500000e-04,2026-09-25T11:25:38
2570,52,0.3692,1.2104,2.500000e-04,2026-09-25T11:25:40
2571,52,0.3611,1.1657,2.500000e-04,2026-09-25T11:25:42
2572,52,0.3682,1.1747,2.500000e-04,2026-09-25T11:25:44
2573,52,0.3720,1.2045,2.500000e-04,2026-09-25T11:25:46
2574,52,0.3773,1.2121,2.500000e-04,2026-09-25T11:25:48
2575,52,0.3724,1.1843,2.500000e-04,2026-09-25T11:25:50
2576,52,0.3769,1.2131,2.500000e-04,2026-09-25T11:25:52
2577,52,0.3736,1.2002,2.500000e-04,2026-09-25T11:25:54
2578,52,0.3804,1.2162,2.500000e-04,2026-09-25T11:25:56
2579,52,0.3691,1.1714,2.500000e-04,2026-09-25T11:25:58
2580,52,0.3768,1.2280,2.500000e-04,2026-09-25T11:26:00
2581,52,0.3691,1.1946,2.500000e-04,2026-09-25T11:26:02
2582,52,0.3739,1.2129,2.500000e-04,2026-09-25T11:26:04
2583,52,0.3691,1.1785,2.500000e-04,2026-09-25T11:26:06
2584,52,0.3637,1.2238,2.500000e-04,2026-09-25T11:26:08
2585,52,0.3724,1.2275,2.500000e-04,2026-09-25T11:26:10
2586,52,0.3674,1.2122,2.500000e-04,2026-09-25T11:26:12
2587,52,0.3735,1.2186,2.500000e-04,2026-09-25T11:26:14
2588,52,0.3783,1.1945,2.500000e-04,2026-09-25T11:26:16
2589,52,0.3594,1.1960,2.500000e-04,2026-09-25T11:26:18
2590,52,0.3665,1.1950,2.500000e-04,2026-09-25T11:26:20
2591,52,0.3625,1.2171,2.500000e-04,2026-09-25T11:26:22
2592,52,0.3722,1.1710,2.500000e-04,2026-09-25T11:26:24
2593,52,0.3610,1.2206,2.500000e-04,2026-09-25T11:26:26
2594,52,0.3764,1.1853,2.500000e-04,2026-09-25T11:26:28
2595,52,0.3732,1.2188,2.500000e-04,2026-09-25T11:26:30
2596,52,0.3706,1.1907,2.500000e-04,2026-09-25T11:26:32
2597,52,0.3679,1.2065,2.500000e-04,2026-09-25T11:26:34
2598,52,0.3709,1.2319,2.500000e-04,2026-09-25T11:26:36
2599,52,0.3673,1.1864,2.500000e-04,2026-09-25T11:26:38
2600,52,0.3768,1.2044,2.500000e-04,2026-09-25T11:26:40
2601,53,0.3609,1.2254,2.500000e-04,2026-09-25T11:26:42
2602,53,0.3609,1.2335,2.500000e-04,2026-09-25T11:26:44
2603,53,0.3492,1.2422,2.500000e-04,2026-09-25T11:26:46
2604,53,0.3458,1.2620,2.500000e-04,2026-09-25T11:26:48
2605,53,0.3564,1.2292,2.500000e-04,2026-09-25T11:26:50
2606,53,0.3568,1.2275,2.500000e-04,2026-09-25T11:26:52
2607,53,0.3560,1.2540,2.500000e-04,2026-09-25T11:26:54
2608,53,0.3479,1.2638,2.500000e-04,2026-09-25T11:26:56
2609,53,0.3457,1.2013,2.500000e-04,2026-09-25T11:26:58
2610,53,0.3615,1.2502,2.500000e-04,2026-09-25T11:27:00
2611,53,0.3523,1.2298,2.500000e-04,2026-09-25T11:27:02
2612,53,0.3582,1.2000,2.500000e-04,2026-09-25T11:27:04
2613,53,0.3616,1.2588,2.500000e-04,2026-09-25T11:27:06
2614,53,0.3634,1.2402,2.500000e-04,2026-09-25T11:27:08
2615,53,0.3442,1.2041,2.500000e-04,2026-09-25T11:27:10
2616,53,0.3474,1.2325,2.500000e-04,2026-09-25T11:27:12
2617,53,0.3525,1.2359,2.500000e-04,2026-09-25T11:27:14
2618,53,0.3484,1.2436,2.500000e-04,2026-09-25T11:27:16
2619,53,0.3509,1.2354,2.500000e-04,2026-09-25T11:27:18
2620,53,0.3636,1.2158,2.500000e-04,2026-09-25T11:27:20
2621,53,0.3643,1.2254,2.500000e-04,2026-09-25T11:27:22
2622,53,0.3651,1.2187,2.500000e-04,2026-09-25T11:27:24
2623,53,0.3461,1.1939,2.500000e-04,2026-09-25T11:27:26
2624,53,0.3652,1.2231,2.500000e-04,2026-09-25T11:27:28
2625,53,0.3469,1.2150,2.500000e-04,2026-09-25T11:27:30
2626,53,0.3520,1.2338,2.500000e-04,2026-09-25T11:27:32
2627,53,0.3453,1.2452,2.500000e-04,2026-09-25T11:27:34
2628,53,0.3617,1.2198,2.500000e-04,2026-09-25T11:27:36
2629,53,0.3625,1.2572,2.500000e-04,2026-09-25T11:27:38
2630,53,0.3492,1.2451,2.500000e-04,2026-09-25T11:27:40
2631,53,0.3526,1.2168,2.500000e-04,2026-09-25T11:27:42
2632,53,0.3523,1.2214,2.500000e-04,2026-09-25T11:27:44
2633,53,0.3558,1.2422,2.500000e-04,2026-09-25T11:27:46
2634,53,0.3543,1.2072,2.500000e-04,2026-09-25T11:27:48
2635,53,0.3524,1.2615,2.500000e-04,2026-09-25T11:27:50
2636,53,0.3621,1.2047,2.500000e-04,2026-09-25T11:27:52
2637,53,0.3654,1.2427,2.500000e-04,2026-09-25T11:27:54
2638,53,0.3470,1.1986,2.500000e-04,2026-09-25T11:27:56
2639,53,0.3445,1.2465,2.500000e-04,2026-09-25T11:27:58
2640,53,0.3545,1.2255,2.500000e-04,2026-09-25T11:28:00
2641,53,0.3653,1.1995,2.500000e-04,2026-09-25T11:28:02
2642,53,0.3579,1.2240,2.500000e-04,2026-09-25T11:28:04
2643,53,0.3539,1.2515,2.500000e-04,2026-09-25T11:28:06
2644,53,0.3571,1.2247,2.500000e-04,2026-09-25T11:28:08
2645,53,0.3480,1.2309,2.500000e-04,2026-09-25T11:28:10
2646,53,0.3559,1.2265,2.500000e-04,2026-09-25T11:28:12
2647,53,0.3518,1.2070,2.500000e-04,2026-09-25T11:28:14
2648,53,0.3571,1.2359,2.500000e-04,2026-09-25T11:28:16
2649,53,0.3622,1.2108,2.500000e-04,2026-09-25T11:28:18
2650,53,0.3549,1.2236,2.500000e-04,2026-09-25T11:28:20
2651,54,0.3413,1.2525,2.500000e-04,2026-09-25T11:28:22
2652,54,0.3502,1.2677,2.500000e-04,2026-09-25T11:28:24
2653,54,0.3446,1.2333,2.500000e-04,2026-09-25T11:28:26
2654,54,0.3400,1.2770,2.500000e-04,2026-09-25T11:28:28
2655,54,0.3331,1.2801,2.500000e-04,2026-09-25T11:28:30
2656,54,0.3503,1.2992,2.500000e-04,2026-09-25T11:28:32
2657,54,0.3461,1.2599,2.500000e-04,2026-09-25T11:28:34
2658,54,0.3318,1.2921,2.500000e-04,2026-09-25T11:28:36
2659,54,0.3320,1.2605,2.500000e-04,2026-09-25T11:28:38
2660,54,0.3453,1.2974,2.500000e-04,2026-09-25T11:28:40
2661,54,0.3318,1.2727,2.500000e-04,2026-09-25T11:28:42
2662,54,0.3465,1.2484,2.500000e-04,2026-09-25T11:28:44
2663,54,0.3313,1.2507,2.500000e-04,2026-09-25T11:28:46
2664,54,0.3461,1.2602,2.500000e-04,2026-09-25T11:28:48
2665,54,0.3406,1.2602,2.500000e-04,2026-09-25T11:28:50
2666,54,0.3452,1.2566,2.500000e-04,2026-09-25T11:28:52
2667,54,0.3498,1.2852,2.500000e-04,2026-09-25T11:28:54
2668,54,0.3361,1.2274,2.500000e-04,2026-09-25T11:28:56
2669,54,0.3490,1.2815,2.500000e-04,2026-09-25T11:28:58
2670,54,0.3450,1.2674,2.500000e-04,2026-09-25T11:29:00
2671,54,0.3314,1.2605,2.500000e-04,2026-09-25T11:29:02
2672,54,0.3336,1.2286,2.500000e-04,2026-09-25T11:29:04
2673,54,0.3504,1.2860,2.500000e-04,2026-09-25T11:29:06
2674,54,0.3429,1.2464,2.500000e-04,2026-09-25T11:29:08
2675,54,0.3319,1.2630,2.500000e-04,2026-09-25T11:29:10
2676,54,0.3476,1.2457,2.500000e-04,2026-09-25T11:29:12
2677,54,0.3329,1.2460,2.500000e-04,2026-09-25T11:29:14
2678,54,0.3477,1.2258,2.500000e-04,2026-09-25T11:29:16
2679,54,0.3325,1.2379,2.500000e-04,2026-09-25T11:29:18
2680,54,0.3423,1.2361,2.500000e-04,2026-09-25T11:29:20
2681,54,0.3393,1.2859,2.500000e-04,2026-09-25T11:29:22
2682,54,0.3355,1.2778,2.500000e-04,2026-09-25T11:29:24
2683,54,0.3401,1.2852,2.500000e-04,2026-09-25T11:29:26
2684,54,0.3478,1.2507,2.500000e-04,2026-09-25T11:29:28
2685,54,0.3319,1.2357,2.500000e-04,2026-09-25T11:29:30
2686,54,0.3492,1.2364,2.500000e-04,2026-09-25T11:29:32
2687,54,0.3403,1.3000,2.500000e-04,2026-09-25T11:29:34
2688,54,0.3459,1.2427,2.500000e-04,2026-09-25T11:29:36
2689,54,0.3392,1.2730,2.500000e-04,2026-09-25T11:29:38
2690,54,0.3345,1.2803,2.500000e-04,2026-09-25T11:29:40
2691,54,0.3372,1.2733,2.500000e-04,2026-09-25T11:29:42
2692,54,0.3456,1.2335,2.500000e-04,2026-09-25T11:29:44
2693,54,0.3336,1.2549,2.500000e-04,2026-09-25T11:29:46
2694,54,0.3363,1.2812,2.500000e-04,2026-09-25T11:29:48
2695,54,0.3455,1.2650,2.500000e-04,2026-09-25T11:29:50
2696,54,0.3379,1.2781,2.500000e-04,2026-09-25T11:29:52
2697,54,0.3399,1.2357,2.500000e-04,2026-09-25T11:29:54
2698,54,0.3479,1.2256,2.500000e-04,2026-09-25T11:29:56
2699,54,0.3491,1.2587,2.500000e-04,2026-09-25T11:29:58
2700,54,0.3440,1.2975,2.500000e-04,2026-09-25T11:30:00
2701,55,0.3301,1.2593,2.500000e-04,2026-09-25T11:30:02
2702,55,0.3347,1.3056,2.500000e-04,2026-09-25T11:30:04
2703,55,0.3354,1.2896,2.500000e-04,2026-09-25T11:30:06
2704,55,0.3347,1.3228,2.500000e-04,2026-09-25T11:30:08
2705,55,0.3233,1.2768,2.500000e-04,2026-09-25T11:30:10
2706,55,0.3186,1.3069,2.500000e-04,2026-09-25T11:30:12
2707,55,0.3244,1.3162,2.500000e-04,2026-09-25T11:30:14
2708,55,0.3314,1.3131,2.500000e-04,2026-09-25T11:30:16
2709,55,0.3282,1.2712,2.500000e-04,2026-09-25T11:30:18
2710,55,0.3233,1.3097,2.500000e-04,2026-09-25T11:30:20
2711,55,0.3202,1.2986,2.500000e-04,2026-09-25T11:30:22
2712,55,0.3299,1.3207,2.500000e-04,2026-09-25T11:30:24
2713,55,0.3169,1.2637,2.500000e-04,2026-09-25T11:30:26
2714,55,0.3187,1.2907,2.500000e-04,2026-09-25T11:30:28
2715,55,0.3210,1.2781,2.500000e-04,2026-09-25T11:30:30
2716,55,0.3205,1.2579,2.500000e-04,2026-09-25T11:30:32
2717,55,0.3185,1.3290,2.500000e-04,2026-09-25T11:30:34
2718,55,0.3296,1.3210,2.500000e-04,2026-09-25T11:30:36
2719,55,0.3353,1.3057,2.500000e-04,2026-09-25T11:30:38
2720,55,0.3306,1.2654,2.500000e-04,2026-09-25T11:30:40
2721,55,0.3335,1.2662,2.500000e-04,2026-09-25T11:30:42
2722,55,0.3295,1.3260,2.500000e-04,2026-09-25T11:30:44
2723,55,0.3278,1.3312,2.500000e-04,2026-09-25T11:30:46
2724,55,0.3342,1.3101,2.500000e-04,2026-09-25T11:30:48
2725,55,0.3217,1.2924,2.500000e-04,2026-09-25T11:30:50
2726,55,0.3350,1.3057,2.500000e-04,2026-09-25T11:30:52
2727,55,0.3348,1.2776,2.500000e-04,2026-09-25T11:30:54
2728,55,0.3251,1.3263,2.500000e-04,2026-09-25T11:30:56
2729,55,0.3318,1.2812,2.500000e-04,2026-09-25T11:30:58
2730,55,0.3199,1.2618,2.500000e-04,2026-09-25T11:31:00
2731,55,0.3319,1.2858,2.500000e-04,2026-09-25T11:31:02
2732,55,0.3232,1.2608,2.500000e-04,2026-09-25T11:31:04
2733,55,0.3354,1.2767,2.500000e-04,2026-09-25T11:31:06
2734,55,0.3253,1.2943,2.500000e-04,2026-09-25T11:31:08
2735,55,0.3349,1.3035,2.500000e-04,2026-09-25T11:31:10
2736,55,0.3202,1.2943,2.500000e-04,2026-09-25T11:31:12
2737,55,0.3195,1.3158,2.500000e-04,2026-09-25T11:31:14
2738,55,0.3210,1.3061,2.500000e-04,2026-09-25T11:31:16
2739,55,0.3346,1.3117,2.500000e-04,2026-09-25T11:31:18
2740,55,0.3187,1.2618,2.500000e-04,2026-09-25T11:31:20
2741,55,0.3279,1.2756,2.500000e-04,2026-09-25T11:31:22
2742,55,0.3254,1.3257,2.500000e-04,2026-09-25T11:31:24
2743,55,0.3196,1.3058,2.500000e-04,2026-09-25T11:31:26
2744,55,0.3350,1.3077,2.500000e-04,2026-09-25T11:31:28
2745,55,0.3219,1.3105,2.500000e-04,2026-09-25T11:31:30
2746,55,0.3344,1.3007,2.500000e-04,2026-09-25T11:31:32
2747,55,0.3268,1.3291,2.500000e-04,2026-09-25T11:31:34
2748,55,0.3263,1.2900,2.500000e-04,2026-09-25T11:31:36
2749,55,0.3332,1.3168,2.500000e-04,2026-09-25T11:31:38
2750,55,0.3321,1.2981,2.500000e-04,2026-09-25T11:31:40
2751,56,0.3038,1.3635,2.500000e-04,2026-09-25T11:31:42
2752,56,0.3191,1.3259,2.500000e-04,2026-09-25T11:31:44
2753,56,0.3144,1.3620,2.500000e-04,2026-09-25T11:31:46
2754,56,0.3105,1.3418,2.500000e-04,2026-09-25T11:31:48
2755,56,0.3112,1.3378,2.500000e-04,2026-09-25T11:31:50
2756,56,0.3217,1.2947,2.500000e-04,2026-09-25T11:31:52
2757,56,0.3138,1.3640,2.500000e-04,2026-09-25T11:31:54
2758,56,0.3052,1.3241,2.500000e-04,2026-09-25T11:31:56
2759,56,0.3181,1.3391,2.500000e-04,2026-09-25T11:31:58
2760,56,0.3070,1.2906,2.500000e-04,2026-09-25T11:32:00
2761,56,0.3109,1.3027,2.500000e-04,2026-09-25T11:32:02
2762,56,0.3168,1.3589,2.500000e-04,2026-09-25T11:32:04
2763,56,0.3156,1.3161,2.500000e-04,2026-09-25T11:32:06
2764,56,0.3053,1.3379,2.500000e-04,2026-09-25T11:32:08
2765,56,0.3175,1.2986,2.500000e-04,2026-09-25T11:32:10
2766,56,0.3073,1.3448,2.500000e-04,2026-09-25T11:32:12
2767,56,0.3149,1.3265,2.500000e-04,2026-09-25T11:32:14
2768,56,0.3049,1.3305,2.500000e-04,2026-09-25T11:32:16
2769,56,0.3095,1.3300,2.500000e-04,2026-09-25T11:32:18
2770,56,0.3194,1.3233,2.500000e-04,2026-09-25T11:32:20
2771,56,0.3224,1.2904,2.500000e-04,2026-09-25T11:32:22
2772,56,0.3048,1.3502,2.500000e-04,2026-09-25T11:32:24
2773,56,0.3045,1.2969,2.500000e-04,2026-09-25T11:32:26
2774,56,0.3189,1.3406,2.500000e-04,2026-09-25T11:32:28
2775,56,0.3123,1.3415,2.500000e-04,2026-09-25T11:32:30
2776,56,0.3201,1.2994,2.500000e-04,2026-09-25T11:32:32
2777,56,0.3146,1.3611,2.500000e-04,2026-09-25T11:32:34
2778,56,0.3044,1.2988,2.500000e-04,2026-09-25T11:32:36
2779,56,0.3160,1.3250,2.500000e-04,2026-09-25T11:32:38
2780,56,0.3210,1.2911,2.500000e-04,2026-09-25T11:32:40
2781,56,0.3169,1.2979,2.500000e-04,2026-09-25T11:32:42
2782,56,0.3070,1.2915,2.500000e-04,2026-09-25T11:32:44
2783,56,0.3095,1.3507,2.500000e-04,2026-09-25T11:32:46
2784,56,0.3123,1.3011,2.500000e-04,2026-09-25T11:32:48
2785,56,0.3148,1.3526,2.500000e-04,2026-09-25T11:32:50
2786,56,0.3057,1.3271,2.500000e-04,2026-09-25T11:32:52
2787,56,0.3187,1.3051,2.500000e-04,2026-09-25T11:32:54
2788,56,0.3188,1.3214,2.500000e-04,2026-09-25T11:32:56
2789,56,0.3190,1.3657,2.500000e-04,2026-09-25T11:32:58
2790,56,0.3165,1.3133,2.500000e-04,2026-09-25T11:33:00
2791,56,0.3220,1.3334,2.500000e-04,2026-09-25T11:33:02
2792,56,0.3063,1.3541,2.500000e-04,2026-09-25T11:33:04
2793,56,0.3186,1.3484,2.500000e-04,2026-09-25T11:33:06
2794,56,0.3149,1.3142,2.500000e-04,2026-09-25T11:33:08
2795,56,0.3060,1.2987,2.500000e-04,2026-09-25T11:33:10
2796,56,0.3115,1.3429,2.500000e-04,2026-09-25T11:33:12
2797,56,0.3141,1.3224,2.500000e-04,2026-09-25T11:33:14
2798,56,0.3211,1.2907,2.500000e-04,2026-09-25T11:33:16
2799,56,0.3056,1.3550,2.500000e-04,2026-09-25T11:33:18
2800,56,0.3152,1.3494,2.500000e-04,2026-09-25T11:33:20
2801,57,0.2915,1.3586,2.500000e-04,2026-09-25T11:33:22
2802,57,0.2913,1.3335,2.500000e-04,2026-09-25T11:33:24
2803,57,0.2928,1.3721,2.500000e-04,2026-09-25T11:33:26
2804,57,0.3072,1.3528,2.500000e-04,2026-09-25T11:33:28
2805,57,0.3058,1.3819,2.500000e-04,2026-09-25T11:33:30
2806,57,0.3037,1.3357,2.500000e-04,2026-09-25T11:33:32
2807,57,0.3028,1.3616,2.500000e-04,2026-09-25T11:33:34
2808,57,0.2987,1.3954,2.500000e-04,2026-09-25T11:33:36
2809,57,0.3022,1.3220,2.500000e-04,2026-09-25T11:33:38
2810,57,0.2945,1.3597,2.500000e-04,2026-09-25T11:33:40
2811,57,0.3083,1.3701,2.500000e-04,2026-09-25T11:33:42
2812,57,0.3053,1.3473,2.500000e-04,2026-09-25T11:33:44
2813,57,0.2913,1.3381,2.500000e-04,2026-09-25T11:33:46
2814,57,0.2933,1.3621,2.500000e-04,2026-09-25T11:33:48
2815,57,0.2930,1.3484,2.500000e-04,2026-09-25T11:33:50
2816,57,0.3049,1.3629,2.500000e-04,2026-09-25T11:33:52
2817,57,0.2952,1.3817,2.500000e-04,2026-09-25T11:33:54
2818,57,0.3031,1.3414,2.500000e-04,2026-09-25T11:33:56
2819,57,0.2947,1.3839,2.500000e-04,2026-09-25T11:33:58
2820,57,0.3036,1.3979,2.500000e-04,2026-09-25T11:34:00
2821,57,0.2998,1.3333,2.500000e-04,2026-09-25T11:34:02
2822,57,0.3033,1.3224,2.500000e-04,2026-09-25T11:34:04
2823,57,0.3028,1.3421,2.500000e-04,2026-09-25T11:34:06
2824,57,0.2991,1.3462,2.500000e-04,2026-09-25T11:34:08
2825,57,0.3057,1.3808,2.500000e-04,2026-09-25T11:34:10
2826,57,0.2920,1.3793,2.500000e-04,2026-09-25T11:34:12
2827,57,0.3079,1.3332,2.500000e-04,2026-09-25T11:34:14
2828,57,0.3054,1.3585,2.500000e-04,2026-09-25T11:34:16
2829,57,0.2933,1.3919,2.500000e-04,2026-09-25T11:34:18
2830,57,0.3042,1.3672,2.500000e-04,2026-09-25T11:34:20
2831,57,0.2971,1.3351,2.500000e-04,2026-09-25T11:34:22
2832,57,0.3034,1.3455,2.500000e-04,2026-09-25T11:34:24
2833,57,0.3053,1.3455,2.500000e-04,2026-09-25T11:34:26
2834,57,0.2930,1.3791,2.500000e-04,2026-09-25T11:34:28
2835,57,0.3069,1.3495,2.500000e-04,2026-09-25T11:34:30
2836,57,0.2952,1.3573,2.500000e-04,2026-09-25T11:34:32
2837,57,0.3000,1.3915,2.500000e-04,2026-09-25T11:34:34
2838,57,0.2938,1.3946,2.500000e-04,2026-09-25T11:34:36
2839,57,0.2994,1.3505,2.500000e-04,2026-09-25T11:34:38
2840,57,0.2937,1.3776,2.500000e-04,2026-09-25T11:34:40
2841,57,0.3026,1.3985,2.500000e-04,2026-09-25T11:34:42
2842,57,0.2949,1.3293,2.500000e-04,2026-09-25T11:34:44
2843,57,0.3037,1.3238,2.500000e-04,2026-09-25T11:34:46
2844,57,0.2937,1.3884,2.500000e-04,2026-09-25T11:34:48
2845,57,0.2995,1.3329,2.500000e-04,2026-09-25T11:34:50
2846,57,0.2974,1.3912,2.500000e-04,2026-09-25T11:34:52
2847,57,0.3021,1.3833,2.500000e-04,2026-09-25T11:34:54
2848,57,0.3027,1.3688,2.500000e-04,2026-09-25T11:34:56
2849,57,0.2943,1.3980,2.500000e-04,2026-09-25T11:34:58
2850,57,0.3066,1.3259,2.500000e-04,2026-09-25T11:35:00
2851,58,0.2940,1.3912,2.500000e-04,2026-09-25T11:35:02
2852,58,0.2964,1.3997,2.500000e-04,2026-09-25T11:35:04
2853,58,0.2937,1.3736,2.500000e-04,2026-09-25T11:35:06
2854,58,0.2918,1.4118,2.500000e-04,2026-09-25T11:35:08
2855,58,0.2835,1.3776,2.500000e-04,2026-09-25T11:35:10
2856,58,0.2892,1.4248,2.500000e-04,2026-09-25T11:35:12
2857,58,0.2894,1.3627,2.500000e-04,2026-09-25T11:35:14
2858,58,0.2891,1.3507,2.500000e-04,2026-09-25T11:35:16
2859,58,0.2961,1.3536,2.500000e-04,2026-09-25T11:35:18
2860,58,0.2873,1.4145,2.500000e-04,2026-09-25T11:35:20
2861,58,0.2798,1.3947,2.500000e-04,2026-09-25T11:35:22
2862,58,0.2875,1.4169,2.500000e-04,2026-09-25T11:35:24
2863,58,0.2934,1.3881,2.500000e-04,2026-09-25T11:35:26
2864,58,0.2834,1.3969,2.500000e-04,2026-09-25T11:35:28
2865,58,0.2794,1.4114,2.500000e-04,2026-09-25T11:35:30
2866,58,0.2956,1.3614,2.500000e-04,2026-09-25T11:35:32
2867,58,0.2843,1.4044,2.500000e-04,2026-09-25T11:35:34
2868,58,0.2808,1.3904,2.500000e-04,2026-09-25T11:35:36
2869,58,0.2845,1.4090,2.500000e-04,2026-09-25T11:35:38
2870,58,0.2940,1.4127,2.500000e-04,2026-09-25T11:35:40
2871,58,0.2796,1.3883,2.500000e-04,2026-09-25T11:35:42
2872,58,0.2925,1.4233,2.500000e-04,2026-09-25T11:35:44
2873,58,0.2862,1.4163,2.500000e-04,2026-09-25T11:35:46
2874,58,0.2856,1.3891,2.500000e-04,2026-09-25T11:35:48
2875,58,0.2902,1.4222,2.500000e-04,2026-09-25T11:35:50
2876,58,0.2804,1.4249,2.500000e-04,2026-09-25T11:35:52
2877,58,0.2850,1.3530,2.500000e-04,2026-09-25T11:35:54
2878,58,0.2866,1.3728,2.500000e-04,2026-09-25T11:35:56
2879,58,0.2956,1.3956,2.500000e-04,2026-09-25T11:35:58
2880,58,0.2929,1.4161,2.500000e-04,2026-09-25T11:36:00
2881,58,0.2806,1.4239,2.500000e-04,2026-09-25T11:36:02
2882,58,0.2919,1.3549,2.500000e-04,2026-09-25T11:36:04
2883,58,0.2955,1.4066,2.500000e-04,2026-09-25T11:36:06
2884,58,0.2946,1.3596,2.500000e-04,2026-09-25T11:36:08
2885,58,0.2855,1.4020,2.500000e-04,2026-09-25T11:36:10
2886,58,0.2855,1.3649,2.500000e-04,2026-09-25T11:36:12
2887,58,0.2889,1.3559,2.500000e-04,2026-09-25T11:36:14
2888,58,0.2915,1.3674,2.500000e-04,2026-09-25T11:36:16
2889,58,0.2962,1.3702,2.500000e-04,2026-09-25T11:36:18
2890,58,0.2812,1.3903,2.500000e-04,2026-09-25T11:36:20
2891,58,0.2954,1.3987,2.500000e-04,2026-09-25T11:36:22
2892,58,0.2958,1.3678,2.500000e-04,2026-09-25T11:36:24
2893,58,0.2921,1.3691,2.500000e-04,2026-09-25T11:36:26
2894,58,0.2853,1.3726,2.500000e-04,2026-09-25T11:36:28
2895,58,0.2910,1.3734,2.500000e-04,2026-09-25T11:36:30
2896,58,0.2803,1.3791,2.500000e-04,2026-09-25T11:36:32
2897,58,0.2876,1.3943,2.500000e-04,2026-09-25T11:36:34
2898,58,0.2813,1.4096,2.500000e-04,2026-09-25T11:36:36
2899,58,0.2909,1.3948,2.500000e-04,2026-09-25T11:36:38
2900,58,0.2843,1.4022,2.500000e-04,2026-09-25T11:36:40
2901,59,0.2809,1.4625,2.500000e-04,2026-09-25T11:36:42
2902,59,0.2811,1.4621,2.500000e-04,2026-09-25T11:36:44
2903,59,0.2687,1.4579,2.500000e-04,2026-09-25T11:36:46
2904,59,0.2752,1.3885,2.500000e-04,2026-09-25T11:36:48
2905,59,0.2825,1.4063,2.500000e-04,2026-09-25T11:36:50
2906,59,0.2835,1.3910,2.500000e-04,2026-09-25T11:36:52
2907,59,0.2722,1.4413,2.500000e-04,2026-09-25T11:36:54
2908,59,0.2759,1.4565,2.500000e-04,2026-09-25T11:36:56
2909,59,0.2763,1.4353,2.500000e-04,2026-09-25T11:36:58
2910,59,0.2725,1.4646,2.500000e-04,2026-09-25T11:37:00
2911,59,0.2766,1.3930,2.500000e-04,2026-09-25T11:37:02
2912,59,0.2734,1.4196,2.500000e-04,2026-09-25T11:37:04
2913,59,0.2783,1.4066,2.500000e-04,2026-09-25T11:37:06
2914,59,0.2687,1.4562,2.500000e-04,2026-09-25T11:37:08
2915,59,0.2715,1.4627,2.500000e-04,2026-09-25T11:37:10
2916,59,0.2783,1.4169,2.500000e-04,2026-09-25T11:37:12
2917,59,0.2733,1.4369,2.500000e-04,2026-09-25T11:37:14
2918,59,0.2731,1.4324,2.500000e-04,2026-09-25T11:37:16
2919,59,0.2792,1.4537,2.500000e-04,2026-09-25T11:37:18
2920,59,0.2750,1.4077,2.500000e-04,2026-09-25T11:37:20
2921,59,0.2698,1.4492,2.500000e-04,2026-09-25T11:37:22
2922,59,0.2705,1.4039,2.500000e-04,2026-09-25T11:37:24
2923,59,0.2757,1.4647,2.500000e-04,2026-09-25T11:37:26
2924,59,0.2804,1.3857,2.500000e-04,2026-09-25T11:37:28
2925,59,0.2735,1.4207,2.500000e-04,2026-09-25T11:37:30
2926,59,0.2704,1.4607,2.500000e-04,2026-09-25T11:37:32
2927,59,0.2794,1.4061,2.500000e-04,2026-09-25T11:37:34
2928,59,0.2838,1.4534,2.500000e-04,2026-09-25T11:37:36
2929,59,0.2791,1.4386,2.500000e-04,2026-09-25T11:37:38
2930,59,0.2702,1.4020,2.500000e-04,2026-09-25T11:37:40
2931,59,0.2683,1.4088,2.500000e-04,2026-09-25T11:37:42
2932,59,0.2698,1.4040,2.500000e-04,2026-09-25T11:37:44
2933,59,0.2707,1.4298,2.500000e-04,2026-09-25T11:37:46
2934,59,0.2682,1.4088,2.500000e-04,2026-09-25T11:37:48
2935,59,0.2734,1.4136,2.500000e-04,2026-09-25T11:37:50
2936,59,0.2766,1.3956,2.500000e-04,2026-09-25T11:37:52
2937,59,0.2727,1.4604,2.500000e-04,2026-09-25T11:37:54
2938,59,0.2744,1.4244,2.500000e-04,2026-09-25T11:37:56
2939,59,0.2701,1.4208,2.500000e-04,2026-09-25T11:37:58
2940,59,0.2730,1.3821,2.500000e-04,2026-09-25T11:38:00
2941,59,0.2799,1.4651,2.500000e-04,2026-09-25T11:38:02
2942,59,0.2731,1.4420,2.500000e-04,2026-09-25T11:38:04
2943,59,0.2755,1.4065,2.500000e-04,2026-09-25T11:38:06
2944,59,0.2833,1.4655,2.500000e-04,2026-09-25T11:38:08
2945,59,0.2772,1.3943,2.500000e-04,2026-09-25T11:38:10
2946,59,0.2770,1.4592,2.500000e-04,2026-09-25T11:38:12
2947,59,0.2750,1.4406,2.500000e-04,2026-09-25T11:38:14
2948,59,0.2798,1.4586,2.500000e-04,2026-09-25T11:38:16
2949,59,0.2700,1.4288,2.500000e-04,2026-09-25T11:38:18
2950,59,0.2728,1.4160,2.500000e-04,2026-09-25T11:38:20
2951,60,0.2699,1.4521,1.250000e-04,2026-09-25T11:38:22
2952,60,0.2580,1.4179,1.250000e-04,2026-09-25T11:38:24
2953,60,0.2667,1.4641,1.250000e-04,2026-09-25T11:38:26
2954,60,0.2601,1.4949,1.250000e-04,2026-09-25T11:38:28
2955,60,0.2610,1.4151,1.250000e-04,2026-09-25T11:38:30
2956,60,0.2651,1.4520,1.250000e-04,2026-09-25T11:38:32
2957,60,0.2672,1.4207,1.250000e-04,2026-09-25T11:38:34
2958,60,0.2647,1.4301,1.250000e-04,2026-09-25T11:38:36
2959,60,0.2616,1.4660,1.250000e-04,2026-09-25T11:38:38
2960,60,0.2715,1.4925,1.250000e-04,2026-09-25T11:38:40
2961,60,0.2623,1.4260,1.250000e-04,2026-09-25T11:38:42
2962,60,0.2701,1.4454,1.250000e-04,2026-09-25T11:38:44
2963,60,0.2625,1.4380,1.250000e-04,2026-09-25T11:38:46
2964,60,0.2621,1.4985,1.250000e-04,2026-09-25T11:38:48
2965,60,0.2704,1.4208,1.250000e-04,2026-09-25T11:38:50
2966,60,0.2681,1.4519,1.250000e-04,2026-09-25T11:38:52
2967,60,0.2723,1.4833,1.250000e-04,2026-09-25T11:38:54
2968,60,0.2611,1.4835,1.250000e-04,2026-09-25T11:38:56
2969,60,0.2719,1.4501,1.250000e-04,2026-09-25T11:38:58
2970,60,0.2708,1.4253,1.250000e-04,2026-09-25T11:39:00
2971,60,0.2659,1.4206,1.250000e-04,2026-09-25T11:39:02
2972,60,0.2598,1.4546,1.250000e-04,2026-09-25T11:39:04
2973,60,0.2703,1.4993,1.250000e-04,2026-09-25T11:39:06
2974,60,0.2576,1.4970,1.250000e-04,2026-09-25T11:39:08
2975,60,0.2685,1.4208,1.250000e-04,2026-09-25T11:39:10
2976,60,0.2630,1.4930,1.250000e-04,2026-09-25T11:39:12
2977,60,0.2631,1.4617,1.250000e-04,2026-09-25T11:39:14
2978,60,0.2678,1.4791,1.250000e-04,2026-09-25T11:39:16
2979,60,0.2587,1.4294,1.250000e-04,2026-09-25T11:39:18
2980,60,0.2626,1.4615,1.250000e-04,2026-09-25T11:39:20
2981,60,0.2572,1.4853,1.250000e-04,2026-09-25T11:39:22
2982,60,0.2698,1.4397,1.250000e-04,2026-09-25T11:39:24
2983,60,0.2654,1.4536,1.250000e-04,2026-09-25T11:39:26
2984,60,0.2570,1.4133,1.250000e-04,2026-09-25T11:39:28
2985,60,0.2607,1.4967,1.250000e-04,2026-09-25T11:39:30
2986,60,0.2698,1.4544,1.250000e-04,2026-09-25T11:39:32
2987,60,0.2669,1.4911,1.250000e-04,2026-09-25T11:39:34
2988,60,0.2632,1.4561,1.250000e-04,2026-09-25T11:39:36
2989,60,0.2675,1.4345,1.250000e-04,2026-09-25T11:39:38
2990,60,0.2584,1.4373,1.250000e-04,2026-09-25T11:39:40
2991,60,0.2723,1.4189,1.250000e-04,2026-09-25T11:39:42
2992,60,0.2684,1.4639,1.250000e-04,2026-09-25T11:39:44
2993,60,0.2655,1.4890,1.250000e-04,2026-09-25T11:39:46
2994,60,0.2665,1.4547,1.250000e-04,2026-09-25T11:39:48
2995,60,0.2676,1.4236,1.250000e-04,2026-09-25T11:39:50
2996,60,0.2647,1.4634,1.250000e-04,2026-09-25T11:39:52
2997,60,0.2700,1.4273,1.250000e-04,2026-09-25T11:39:54
2998,60,0.2575,1.4410,1.250000e-04,2026-09-25T11:39:56
2999,60,0.2705,1.4249,1.250000e-04,2026-09-25T11:39:58
3000,60,0.2591,1.4369,1.250000e-04,2026-09-25T11:40:00
3001,61,inf,nan,1.250000e-04,2026-09-25T11:40:02
3002,61,nan,nan,1.250000e-04,2026-09-25T11:40:04
3003,61,nan,nan,1.250000e-04,2026-09-25T11:40:06
3004,61,nan,nan,1.250000e-04,2026-09-25T11:40:08
3005,61,nan,nan,1.250000e-04,2026-09-25T11:40:10
3006,61,nan,nan,1.250000e-04,2026-09-25T11:40:12
3007,61,nan,nan,1.250000e-04,2026-09-25T11:40:14
3008,61,nan,nan,1.250000e-04,2026-09-25T11:40:16
3009,61,nan,nan,1.250000e-04,2026-09-25T11:40:18
3010,61,nan,nan,1.250000e-04,2026-09-25T11:40:20
3011,61,nan,nan,1.250000e-04,2026-09-25T11:40:22
3012,61,nan,nan,1.250000e-04,2026-09-25T11:40:24
3013,61,nan,nan,1.250000e-04,2026-09-25T11:40:26
3014,61,nan,nan,1.250000e-04,2026-09-25T11:40:28
3015,61,nan,nan,1.250000e-04,2026-09-25T11:40:30
3016,61,nan,nan,1.250000e-04,2026-09-25T11:40:32
3017,61,nan,nan,1.250000e-04,2026-09-25T11:40:34
3018,61,nan,nan,1.250000e-04,2026-09-25T11:40:36
3019,61,nan,nan,1.250000e-04,2026-09-25T11:40:38
3020,61,nan,nan,1.250000e-04,2026-09-25T11:40:40
3021,61,nan,nan,1.250000e-04,2026-09-25T11:40:42
3022,61,nan,nan,1.250000e-04,2026-09-25T11:40:44
3023,61,nan,nan,1.250000e-04,2026-09-25T11:40:46
3024,61,nan,nan,1.250000e-04,2026-09-25T11:40:48
3025,61,nan,nan,1.250000e-04,2026-09-25T11:40:50
3026,61,nan,nan,1.250000e-04,2026-09-25T11:40:52
3027,61,nan,nan,1.250000e-04,2026-09-25T11:40:54
3028,61,nan,nan,1.250000e-04,2026-09-25T11:40:56
3029,61,nan,nan,1.250000e-04,2026-09-25T11:40:58
3030,61,nan,nan,1.250000e-04,2026-09-25T11:41:00
3031,61,nan,nan,1.250000e-04,2026-09-25T11:41:02
3032,61,nan,nan,1.250000e-04,2026-09-25T11:41:04
3033,61,nan,nan,1.250000e-04,2026-09-25T11:41:06
3034,61,nan,nan,1.250000e-04,2026-09-25T11:41:08
3035,61,nan,nan,1.250000e-04,2026-09-25T11:41:10
3036,61,nan,nan,1.250000e-04,2026-09-25T11:41:12
3037,61,nan,nan,1.250000e-04,2026-09-25T11:41:14
3038,61,nan,nan,1.250000e-04,2026-09-25T11:41:16
3039,61,nan,nan,1.250000e-04,2026-09-25T11:41:18
3040,61,nan,nan,1.250000e-04,2026-09-25T11:41:20
3041,61,nan,nan,1.250000e-04,2026-09-25T11:41:22
3042,61,nan,nan,1.250000e-04,2026-09-25T11:41:24
3043,61,nan,nan,1.250000e-04,2026-09-25T11:41:26
3044,61,nan,nan,1.250000e-04,2026-09-25T11:41:28
3045,61,nan,nan,1.250000e-04,2026-09-25T11:41:30
3046,61,nan,nan,1.250000e-04,2026-09-25T11:41:32
3047,61,nan,nan,1.250000e-04,2026-09-25T11:41:34
3048,61,nan,nan,1.250000e-04,2026-09-25T11:41:36
3049,61,nan,nan,1.250000e-04,2026-09-25T11:41:38
3050,61,nan,nan,1.250000e-04,2026-09-25T11:41:40
3051,62,nan,nan,1.250000e-04,2026-09-25T11:41:42
3052,62,nan,nan,1.250000e-04,2026-09-25T11:41:44
3053,62,nan,nan,1.250000e-04,2026-09-25T11:41:46
3054,62,nan,nan,1.250000e-04,2026-09-25T11:41:48
3055,62,nan,nan,1.250000e-04,2026-09-25T11:41:50
3056,62,nan,nan,1.250000e-04,2026-09-25T11:41:52
3057,62,nan,nan,1.250000e-04,2026-09-25T11:41:54
3058,62,nan,nan,1.250000e-04,2026-09-25T11:41:56
3059,62,nan,nan,1.250000e-04,2026-09-25T11:41:58
3060,62,nan,nan,1.250000e-04,2026-09-25T11:42:00
3061,62,nan,nan,1.250000e-04,2026-09-25T11:42:02
3062,62,nan,nan,1.250000e-04,2026-09-25T11:42:04
3063,62,nan,nan,1.250000e-04,2026-09-25T11:42:06
3064,62,nan,nan,1.250000e-04,2026-09-25T11:42:08
3065,62,nan,nan,1.250000e-04,2026-09-25T11:42:10
3066,62,nan,nan,1.250000e-04,2026-09-25T11:42:12
3067,62,nan,nan,1.250000e-04,2026-09-25T11:42:14
3068,62,nan,nan,1.250000e-04,2026-09-25T11:42:16
3069,62,nan,nan,1.250000e-04,2026-09-25T11:42:18
3070,62,nan,nan,1.250000e-04,2026-09-25T11:42:20
3071,62,nan,nan,1.250000e-04,2026-09-25T11:42:22
3072,62,nan,nan,1.250000e-04,2026-09-25T11:42:24
3073,62,nan,nan,1.250000e-04,2026-09-25T11:42:26
3074,62,nan,nan,1.250000e-04,2026-09-25T11:42:28
3075,62,nan,nan,1.250000e-04,2026-09-25T11:42:30
3076,62,nan,nan,1.250000e-04,2026-09-25T11:42:32
3077,62,nan,nan,1.250000e-04,2026-09-25T11:42:34
3078,62,nan,nan,1.250000e-04,2026-09-25T11:42:36
3079,62,nan,nan,1.250000e-04,2026-09-25T11:42:38
3080,62,nan,nan,1.250000e-04,2026-09-25T11:42:40
3081,62,nan,nan,1.250000e-04,2026-09-25T11:42:42
3082,62,nan,nan,1.250000e-04,2026-09-25T11:42:44
3083,62,nan,nan,1.250000e-04,2026-09-25T11:42:46
3084,62,nan,nan,1.250000e-04,2026-09-25T11:42:48
3085,62,nan,nan,1.250000e-04,2026-09-25T11:42:50
3086,62,nan,nan,1.250000e-04,2026-09-25T11:42:52
3087,62,nan,nan,1.250000e-04,2026-09-25T11:42:54
3088,62,nan,nan,1.250000e-04,2026-09-25T11:42:56
3089,62,nan,nan,1.250000e-04,2026-09-25T11:42:58
3090,62,nan,nan,1.250000e-04,2026-09-25T11:43:00
3091,62,nan,nan,1.250000e-04,2026-09-25T11:43:02
3092,62,nan,nan,1.250000e-04,2026-09-25T11:43:04
3093,62,nan,nan,1.250000e-04,2026-09-25T11:43:06
3094,62,nan,nan,1.250000e-04,2026-09-25T11:43:08
3095,62,nan,nan,1.250000e-04,2026-09-25T11:43:10
3096,62,nan,nan,1.250000e-04,2026-09-25T11:43:12
3097,62,nan,nan,1.250000e-04,2026-09-25T11:43:14
3098,62,nan,nan,1.250000e-04,2026-09-25T11:43:16
3099,62,nan,nan,1.250000e-04,2026-09-25T11:43:18
3100,62,nan,nan,1.250000e-04,2026-09-25T11:43:20
3101,63,nan,nan,1.250000e-04,2026-09-25T11:43:22
3102,63,nan,nan,1.250000e-04,2026-09-25T11:43:24
3103,63,nan,nan,1.250000e-04,2026-09-25T11:43:26
3104,63,nan,nan,1.250000e-04,2026-09-25T11:43:28
3105,63,nan,nan,1.250000e-04,2026-09-25T11:43:30
3106,63,nan,nan,1.250000e-04,2026-09-25T11:43:32
3107,63,nan,nan,1.250000e-04,2026-09-25T11:43:34
3108,63,nan,nan,1.250000e-04,2026-09-25T11:43:36
3109,63,nan,nan,1.250000e-04,2026-09-25T11:43:38
3110,63,nan,nan,1.250000e-04,2026-09-25T11:43:40
3111,63,nan,nan,1.250000e-04,2026-09-25T11:43:42
3112,63,nan,nan,1.250000e-04,2026-09-25T11:43:44
3113,63,nan,nan,1.250000e-04,2026-09-25T11:43:46
3114,63,nan,nan,1.250000e-04,2026-09-25T11:43:48
3115,63,nan,nan,1.250000e-04,2026-09-25T11:43:50
3116,63,nan,nan,1.250000e-04,2026-09-25T11:43:52
3117,63,nan,nan,1.250000e-04,2026-09-25T11:43:54
3118,63,nan,nan,1.250000e-04,2026-09-25T11:43:56
3119,63,nan,nan,1.250000e-04,2026-09-25T11:43:58
3120,63,nan,nan,1.250000e-04,2026-09-25T11:44:00
3121,63,nan,nan,1.250000e-04,2026-09-25T11:44:02
3122,63,nan,nan,1.250000e-04,2026-09-25T11:44:04
3123,63,nan,nan,1.250000e-04,2026-09-25T11:44:06
3124,63,nan,nan,1.250000e-04,2026-09-25T11:44:08
3125,63,nan,nan,1.250000e-04,2026-09-25T11:44:10
3126,63,nan,nan,1.250000e-04,2026-09-25T11:44:12
3127,63,nan,nan,1.250000e-04,2026-09-25T11:44:14
3128,63,nan,nan,1.250000e-04,2026-09-25T11:44:16
3129,63,nan,nan,1.250000e-04,2026-09-25T11:44:18
3130,63,nan,nan,1.250000e-04,2026-09-25T11:44:20
3131,63,nan,nan,1.250000e-04,2026-09-25T11:44:22
3132,63,nan,nan,1.250000e-04,2026-09-25T11:44:24
3133,63,nan,nan,1.250000e-04,2026-09-25T11:44:26
3134,63,nan,nan,1.250000e-04,2026-09-25T11:44:28
3135,63,nan,nan,1.250000e-04,2026-09-25T11:44:30
3136,63,nan,nan,1.250000e-04,2026-09-25T11:44:32
3137,63,nan,nan,1.250000e-04,2026-09-25T11:44:34
3138,63,nan,nan,1.250000e-04,2026-09-25T11:44:36
3139,63,nan,nan,1.250000e-04,2026-09-25T11:44:38
3140,63,nan,nan,1.250000e-04,2026-09-25T11:44:40
3141,63,nan,nan,1.250000e-04,2026-09-25T11:44:42
3142,63,nan,nan,1.250000e-04,2026-09-25T11:44:44
3143,63,nan,nan,1.250000e-04,2026-09-25T11:44:46
3144,63,nan,nan,1.250000e-04,2026-09-25T11:44:48
3145,63,nan,nan,1.250000e-04,2026-09-25T11:44:50
3146,63,nan,nan,1.250000e-04,2026-09-25T11:44:52
3147,63,nan,nan,1.250000e-04,2026-09-25T11:44:54
3148,63,nan,nan,1.250000e-04,2026-09-25T11:44:56
3149,63,nan,nan,1.250000e-04,2026-09-25T11:44:58
3150,63,nan,nan,1.250000e-04,2026-09-25T11:45:00
3151,64,0.2954,0.5678,1.250000e-04,2026-09-25T11:45:02
3152,64,0.2978,0.5584,1.250000e-04,2026-09-25T11:45:04
3153,64,0.2847,0.5763,1.250000e-04,2026-09-25T11:45:06
3154,64,0.2996,0.5720,1.250000e-04,2026-09-25T11:45:08
3155,64,0.2882,0.5851,1.250000e-04,2026-09-25T11:45:10
3156,64,0.2975,0.5682,1.250000e-04,2026-09-25T11:45:12
3157,64,0.3009,0.5705,1.250000e-04,2026-09-25T11:45:14
3158,64,0.2952,0.5785,1.250000e-04,2026-09-25T11:45:16
3159,64,0.2920,0.5716,1.250000e-04,2026-09-25T11:45:18
3160,64,0.2954,0.5701,1.250000e-04,2026-09-25T11:45:20
3161,64,0.2908,0.5573,1.250000e-04,2026-09-25T11:45:22
3162,64,0.2871,0.5757,1.250000e-04,2026-09-25T11:45:24
3163,64,0.2897,0.5671,1.250000e-04,2026-09-25T11:45:26
3164,64,0.2900,0.5806,1.250000e-04,2026-09-25T11:45:28
3165,64,0.2856,0.5592,1.250000e-04,2026-09-25T11:45:30
3166,64,0.2917,0.5804,1.250000e-04,2026-09-25T11:45:32
3167,64,0.2958,0.5610,1.250000e-04,2026-09-25T11:45:34
3168,64,0.2950,0.5661,1.250000e-04,2026-09-25T11:45:36
3169,64,0.2864,0.5588,1.250000e-04,2026-09-25T11:45:38
3170,64,0.2887,0.5805,1.250000e-04,2026-09-25T11:45:40
3171,64,0.2926,0.5714,1.250000e-04,2026-09-25T11:45:42
3172,64,0.2921,0.5744,1.250000e-04,2026-09-25T11:45:44
3173,64,0.2851,0.5577,1.250000e-04,2026-09-25T11:45:46
3174,64,0.2868,0.5611,1.250000e-04,2026-09-25T11:45:48
3175,64,0.2986,0.5748,1.250000e-04,2026-09-25T11:45:50
3176,64,0.2875,0.5814,1.250000e-04,2026-09-25T11:45:52
3177,64,0.3014,0.5689,1.250000e-04,2026-09-25T11:45:54
3178,64,0.2848,0.5816,1.250000e-04,2026-09-25T11:45:56
3179,64,0.2859,0.5728,1.250000e-04,2026-09-25T11:45:58
3180,64,0.2997,0.5830,1.250000e-04,2026-09-25T11:46:00
3181,64,0.2916,0.5647,1.250000e-04,2026-09-25T11:46:02
3182,64,0.2960,0.5554,1.250000e-04,2026-09-25T11:46:04
3183,64,0.3010,0.5770,1.250000e-04,2026-09-25T11:46:06
3184,64,0.2869,0.5561,1.250000e-04,2026-09-25T11:46:08
3185,64,0.2973,0.5841,1.250000e-04,2026-09-25T11:46:10
3186,64,0.2936,0.5806,1.250000e-04,2026-09-25T11:46:12
3187,64,0.3011,0.5841,1.250000e-04,2026-09-25T11:46:14
3188,64,0.2888,0.5825,1.250000e-04,2026-09-25T11:46:16
3189,64,0.2886,0.5565,1.250000e-04,2026-09-25T11:46:18
3190,64,0.2986,0.5635,1.250000e-04,2026-09-25T11:46:20
3191,64,0.2947,0.5656,1.250000e-04,2026-09-25T11:46:22
3192,64,0.2976,0.5603,1.250000e-04,2026-09-25T11:46:24
3193,64,0.2919,0.5572,1.250000e-04,2026-09-25T11:46:26
3194,64,0.2875,0.5854,1.250000e-04,2026-09-25T11:46:28
3195,64,0.2921,0.5610,1.250000e-04,2026-09-25T11:46:30
3196,64,0.2948,0.5690,1.250000e-04,2026-09-25T11:46:32
3197,64,0.2910,0.5847,1.250000e-04,2026-09-25T11:46:34
3198,64,0.2900,0.5668,1.250000e-04,2026-09-25T11:46:36
3199,64,0.2964,0.5852,1.250000e-04,2026-09-25T11:46:38
3200,64,0.2999,0.5843,1.250000e-04,2026-09-25T11:46:40
3201,65,0.2822,0.5149,1.250000e-04,2026-09-25T11:46:42
3202,65,0.2900,0.4937,1.250000e-04,2026-09-25T11:46:44
3203,65,0.2925,0.5115,1.250000e-04,2026-09-25T11:46:46
3204,65,0.2904,0.5133,1.250000e-04,2026-09-25T11:46:48
3205,65,0.2921,0.5141,1.250000e-04,2026-09-25T11:46:50
3206,65,0.2895,0.5004,1.250000e-04,2026-09-25T11:46:52
3207,65,0.2854,0.5025,1.250000e-04,2026-09-25T11:46:54
3208,65,0.2924,0.5041,1.250000e-04,2026-09-25T11:46:56
3209,65,0.2899,0.4968,1.250000e-04,2026-09-25T11:46:58
3210,65,0.2908,0.5192,1.250000e-04,2026-09-25T11:47:00
3211,65,0.2826,0.5208,1.250000e-04,2026-09-25T11:47:02
3212,65,0.2827,0.5229,1.250000e-04,2026-09-25T11:47:04
3213,65,0.2804,0.4958,1.250000e-04,2026-09-25T11:47:06
3214,65,0.2901,0.5002,1.250000e-04,2026-09-25T11:47:08
3215,65,0.2796,0.5202,1.250000e-04,2026-09-25T11:47:10
3216,65,0.2916,0.5123,1.250000e-04,2026-09-25T11:47:12
3217,65,0.2910,0.5165,1.250000e-04,2026-09-25T11:47:14
3218,65,0.2829,0.4941,1.250000e-04,2026-09-25T11:47:16
3219,65,0.2908,0.5182,1.250000e-04,2026-09-25T11:47:18
3220,65,0.2921,0.5074,1.250000e-04,2026-09-25T11:47:20
3221,65,0.2831,0.5187,1.250000e-04,2026-09-25T11:47:22
3222,65,0.2883,0.5198,1.250000e-04,2026-09-25T11:47:24
3223,65,0.2900,0.5182,1.250000e-04,2026-09-25T11:47:26
3224,65,0.2879,0.5085,1.250000e-04,2026-09-25T11:47:28
3225,65,0.2820,0.5114,1.250000e-04,2026-09-25T11:47:30
3226,65,0.2899,0.5156,1.250000e-04,2026-09-25T11:47:32
3227,65,0.2838,0.4939,1.250000e-04,2026-09-25T11:47:34
3228,65,0.2769,0.5126,1.250000e-04,2026-09-25T11:47:36
3229,65,0.2868,0.5172,1.250000e-04,2026-09-25T11:47:38
3230,65,0.2783,0.5053,1.250000e-04,2026-09-25T11:47:40
3231,65,0.2867,0.5026,1.250000e-04,2026-09-25T11:47:42
3232,65,0.2774,0.4979,1.250000e-04,2026-09-25T11:47:44
3233,65,0.2848,0.5226,1.250000e-04,2026-09-25T11:47:46
3234,65,0.2902,0.5163,1.250000e-04,2026-09-25T11:47:48
3235,65,0.2905,0.5140,1.250000e-04,2026-09-25T11:47:50
3236,65,0.2895,0.5028,1.250000e-04,2026-09-25T11:47:52
3237,65,0.2842,0.5155,1.250000e-04,2026-09-25T11:47:54
3238,65,0.2805,0.5140,1.250000e-04,2026-09-25T11:47:56
3239,65,0.2901,0.5175,1.250000e-04,2026-09-25T11:47:58
3240,65,0.2794,0.5057,1.250000e-04,2026-09-25T11:48:00
3241,65,0.2791,0.5198,1.250000e-04,2026-09-25T11:48:02
3242,65,0.2921,0.5200,1.250000e-04,2026-09-25T11:48:04
3243,65,0.2798,0.5220,1.250000e-04,2026-09-25T11:48:06
3244,65,0.2918,0.5128,1.250000e-04,2026-09-25T11:48:08
3245,65,0.2867,0.5207,1.250000e-04,2026-09-25T11:48:10
3246,65,0.2926,0.4991,1.250000e-04,2026-09-25T11:48:12
3247,65,0.2880,0.4982,1.250000e-04,2026-09-25T11:48:14
3248,65,0.2829,0.5061,1.250000e-04,2026-09-25T11:48:16
3249,65,0.2805,0.4958,1.250000e-04,2026-09-25T11:48:18
3250,65,0.2823,0.5220,1.250000e-04,2026-09-25T11:48:20
3251,66,0.2698,0.4737,1.250000e-04,2026-09-25T11:48:22
3252,66,0.2751,0.4794,1.250000e-04,2026-09-25T11:48:24
3253,66,0.2754,0.4724,1.250000e-04,2026-09-25T11:48:26
3254,66,0.2698,0.4736,1.250000e-04,2026-09-25T11:48:28
3255,66,0.2710,0.4777,1.250000e-04,2026-09-25T11:48:30
3256,66,0.2808,0.4616,1.250000e-04,2026-09-25T11:48:32
3257,66,0.2760,0.4572,1.250000e-04,2026-09-25T11:48:34
3258,66,0.2820,0.4704,1.250000e-04,2026-09-25T11:48:36
3259,66,0.2843,0.4615,1.250000e-04,2026-09-25T11:48:38
3260,66,0.2791,0.4653,1.250000e-04,2026-09-25T11:48:40
3261,66,0.2746,0.4576,1.250000e-04,2026-09-25T11:48:42
3262,66,0.2727,0.4609,1.250000e-04,2026-09-25T11:48:44
3263,66,0.2781,0.4790,1.250000e-04,2026-09-25T11:48:46
3264,66,0.2740,0.4727,1.250000e-04,2026-09-25T11:48:48
3265,66,0.2754,0.4538,1.250000e-04,2026-09-25T11:48:50
3266,66,0.2701,0.4626,1.250000e-04,2026-09-25T11:48:52
3267,66,0.2793,0.4728,1.250000e-04,2026-09-25T11:48:54
3268,66,0.2797,0.4734,1.250000e-04,2026-09-25T11:48:56
3269,66,0.2801,0.4607,1.250000e-04,2026-09-25T11:48:58
3270,66,0.2694,0.4552,1.250000e-04,2026-09-25T11:49:00
3271,66,0.2734,0.4601,1.250000e-04,2026-09-25T11:49:02
3272,66,0.2829,0.4815,1.250000e-04,2026-09-25T11:49:04
3273,66,0.2834,0.4807,1.250000e-04,2026-09-25T11:49:06
3274,66,0.2778,0.4745,1.250000e-04,2026-09-25T11:49:08
3275,66,0.2686,0.4607,1.250000e-04,2026-09-25T11:49:10
3276,66,0.2781,0.4620,1.250000e-04,2026-09-25T11:49:12
3277,66,0.2744,0.4640,1.250000e-04,2026-09-25T11:49:14
3278,66,0.2839,0.4692,1.250000e-04,2026-09-25T11:49:16
3279,66,0.2775,0.4609,1.250000e-04,2026-09-25T11:49:18
3280,66,0.2762,0.4796,1.250000e-04,2026-09-25T11:49:20
3281,66,0.2824,0.4572,1.250000e-04,2026-09-25T11:49:22
3282,66,0.2731,0.4684,1.250000e-04,2026-09-25T11:49:24
3283,66,0.2702,0.4568,1.250000e-04,2026-09-25T11:49:26
3284,66,0.2686,0.4571,1.250000e-04,2026-09-25T11:49:28
3285,66,0.2823,0.4770,1.250000e-04,2026-09-25T11:49:30
3286,66,0.2802,0.4795,1.250000e-04,2026-09-25T11:49:32
3287,66,0.2725,0.4782,1.250000e-04,2026-09-25T11:49:34
3288,66,0.2780,0.4749,1.250000e-04,2026-09-25T11:49:36
3289,66,0.2722,0.4623,1.250000e-04,2026-09-25T11:49:38
3290,66,0.2826,0.4624,1.250000e-04,2026-09-25T11:49:40
3291,66,0.2843,0.4750,1.250000e-04,2026-09-25T11:49:42
3292,66,0.2704,0.4775,1.250000e-04,2026-09-25T11:49:44
3293,66,0.2787,0.4759,1.250000e-04,2026-09-25T11:49:46
3294,66,0.2687,0.4577,1.250000e-04,2026-09-25T11:49:48
3295,66,0.2717,0.4546,1.250000e-04,2026-09-25T11:49:50
3296,66,0.2722,0.4734,1.250000e-04,2026-09-25T11:49:52
3297,66,0.2751,0.4815,1.250000e-04,2026-09-25T11:49:54
3298,66,0.2832,0.4547,1.250000e-04,2026-09-25T11:49:56
3299,66,0.2738,0.4734,1.250000e-04,2026-09-25T11:49:58
3300,66,0.2759,0.4674,1.250000e-04,2026-09-25T11:50:00
3301,67,0.2735,0.4488,1.250000e-04,2026-09-25T11:50:02
3302,67,0.2619,0.4284,1.250000e-04,2026-09-25T11:50:04
3303,67,0.2739,0.4307,1.250000e-04,2026-09-25T11:50:06
3304,67,0.2626,0.4393,1.250000e-04,2026-09-25T11:50:08
3305,67,0.2643,0.4494,1.250000e-04,2026-09-25T11:50:10
3306,67,0.2694,0.4413,1.250000e-04,2026-09-25T11:50:12
3307,67,0.2756,0.4398,1.250000e-04,2026-09-25T11:50:14
3308,67,0.2691,0.4369,1.250000e-04,2026-09-25T11:50:16
3309,67,0.2612,0.4462,1.250000e-04,2026-09-25T11:50:18
3310,67,0.2708,0.4493,1.250000e-04,2026-09-25T11:50:20
3311,67,0.2604,0.4439,1.250000e-04,2026-09-25T11:50:22
3312,67,0.2709,0.4363,1.250000e-04,2026-09-25T11:50:24
3313,67,0.2694,0.4510,1.250000e-04,2026-09-25T11:50:26
3314,67,0.2734,0.4300,1.250000e-04,2026-09-25T11:50:28
3315,67,0.2612,0.4478,1.250000e-04,2026-09-25T11:50:30
3316,67,0.2705,0.4379,1.250000e-04,2026-09-25T11:50:32
3317,67,0.2753,0.4416,1.250000e-04,2026-09-25T11:50:34
3318,67,0.2600,0.4515,1.250000e-04,2026-09-25T11:50:36
3319,67,0.2705,0.4510,1.250000e-04,2026-09-25T11:50:38
3320,67,0.2652,0.4452,1.250000e-04,2026-09-25T11:50:40
3321,67,0.2717,0.4512,1.250000e-04,2026-09-25T11:50:42
3322,67,0.2691,0.4315,1.250000e-04,2026-09-25T11:50:44
3323,67,0.2607,0.4429,1.250000e-04,2026-09-25T11:50:46
3324,67,0.2651,0.4274,1.250000e-04,2026-09-25T11:50:48
3325,67,0.2611,0.4510,1.250000e-04,2026-09-25T11:50:50
3326,67,0.2661,0.4365,1.250000e-04,2026-09-25T11:50:52
3327,67,0.2628,0.4514,1.250000e-04,2026-09-25T11:50:54
3328,67,0.2739,0.4283,1.250000e-04,2026-09-25T11:50:56
3329,67,0.2736,0.4302,1.250000e-04,2026-09-25T11:50:58
3330,67,0.2725,0.4335,1.250000e-04,2026-09-25T11:51:00
3331,67,0.2720,0.4432,1.250000e-04,2026-09-25T11:51:02
3332,67,0.2619,0.4389,1.250000e-04,2026-09-25T11:51:04
3333,67,0.2669,0.4472,1.250000e-04,2026-09-25T11:51:06
3334,67,0.2649,0.4440,1.250000e-04,2026-09-25T11:51:08
3335,67,0.2620,0.4435,1.250000e-04,2026-09-25T11:51:10
3336,67,0.2733,0.4395,1.250000e-04,2026-09-25T11:51:12
3337,67,0.2678,0.4493,1.250000e-04,2026-09-25T11:51:14
3338,67,0.2676,0.4408,1.250000e-04,2026-09-25T11:51:16
3339,67,0.2667,0.4459,1.250000e-04,2026-09-25T11:51:18
3340,67,0.2730,0.4421,1.250000e-04,2026-09-25T11:51:20
3341,67,0.2669,0.4372,1.250000e-04,2026-09-25T11:51:22
3342,67,0.2606,0.4349,1.250000e-04,2026-09-25T11:51:24
3343,67,0.2674,0.4319,1.250000e-04,2026-09-25T11:51:26
3344,67,0.2710,0.4300,1.250000e-04,2026-09-25T11:51:28
3345,67,0.2679,0.4425,1.250000e-04,2026-09-25T11:51:30
3346,67,0.2684,0.4336,1.250000e-04,2026-09-25T11:51:32
3347,67,0.2670,0.4498,1.250000e-04,2026-09-25T11:51:34
3348,67,0.2676,0.4299,1.250000e-04,2026-09-25T11:51:36
3349,67,0.2620,0.4497,1.250000e-04,2026-09-25T11:51:38
3350,67,0.2735,0.4397,1.250000e-04,2026-09-25T11:51:40
3351,68,0.2569,0.4068,1.250000e-04,2026-09-25T11:51:42
3352,68,0.2534,0.4067,1.250000e-04,2026-09-25T11:51:44
3353,68,0.2539,0.4162,1.250000e-04,2026-09-25T11:51:46
3354,68,0.2537,0.4222,1.250000e-04,2026-09-25T11:51:48
3355,68,0.2611,0.4119,1.250000e-04,2026-09-25T11:51:50
3356,68,0.2562,0.4076,1.250000e-04,2026-09-25T11:51:52
3357,68,0.2601,0.4084,1.250000e-04,2026-09-25T11:51:54
3358,68,0.2626,0.4101,1.250000e-04,2026-09-25T11:51:56
3359,68,0.2551,0.4154,1.250000e-04,2026-09-25T11:51:58
3360,68,0.2536,0.4276,1.250000e-04,2026-09-25T11:52:00
3361,68,0.2569,0.4203,1.250000e-04,2026-09-25T11:52:02
3362,68,0.2594,0.4224,1.250000e-04,2026-09-25T11:52:04
3363,68,0.2620,0.4122,1.250000e-04,2026-09-25T11:52:06
3364,68,0.2673,0.4274,1.250000e-04,2026-09-25T11:52:08
3365,68,0.2552,0.4102,1.250000e-04,2026-09-25T11:52:10
3366,68,0.2639,0.4207,1.250000e-04,2026-09-25T11:52:12
3367,68,0.2659,0.4083,1.250000e-04,2026-09-25T11:52:14
3368,68,0.2606,0.4057,1.250000e-04,2026-09-25T11:52:16
3369,68,0.2541,0.4099,1.250000e-04,2026-09-25T11:52:18
3370,68,0.2597,0.4229,1.250000e-04,2026-09-25T11:52:20
3371,68,0.2658,0.4298,1.250000e-04,2026-09-25T11:52:22
3372,68,0.2616,0.4178,1.250000e-04,2026-09-25T11:52:24
3373,68,0.2619,0.4300,1.250000e-04,2026-09-25T11:52:26
3374,68,0.2579,0.4225,1.250000e-04,2026-09-25T11:52:28
3375,68,0.2630,0.4155,1.250000e-04,2026-09-25T11:52:30
3376,68,0.2570,0.4087,1.250000e-04,2026-09-25T11:52:32
3377,68,0.2525,0.4084,1.250000e-04,2026-09-25T11:52:34
3378,68,0.2525,0.4299,1.250000e-04,2026-09-25T11:52:36
3379,68,0.2657,0.4108,1.250000e-04,2026-09-25T11:52:38
3380,68,0.2624,0.4219,1.250000e-04,2026-09-25T11:52:40
3381,68,0.2591,0.4213,1.250000e-04,2026-09-25T11:52:42
3382,68,0.2646,0.4104,1.250000e-04,2026-09-25T11:52:44
3383,68,0.2570,0.4172,1.250000e-04,2026-09-25T11:52:46
3384,68,0.2597,0.4061,1.250000e-04,2026-09-25T11:52:48
3385,68,0.2548,0.4094,1.250000e-04,2026-09-25T11:52:50
3386,68,0.2632,0.4298,1.250000e-04,2026-09-25T11:52:52
3387,68,0.2596,0.4272,1.250000e-04,2026-09-25T11:52:54
3388,68,0.2614,0.4106,1.250000e-04,2026-09-25T11:52:56
3389,68,0.2611,0.4265,1.250000e-04,2026-09-25T11:52:58
3390,68,0.2531,0.4058,1.250000e-04,2026-09-25T11:53:00
3391,68,0.2621,0.4235,1.250000e-04,2026-09-25T11:53:02
3392,68,0.2675,0.4269,1.250000e-04,2026-09-25T11:53:04
3393,68,0.2638,0.4205,1.250000e-04,2026-09-25T11:53:06
3394,68,0.2609,0.4129,1.250000e-04,2026-09-25T11:53:08
3395,68,0.2599,0.4178,1.250000e-04,2026-09-25T11:53:10
3396,68,0.2615,0.4209,1.250000e-04,2026-09-25T11:53:12
3397,68,0.2628,0.4261,1.250000e-04,2026-09-25T11:53:14
3398,68,0.2599,0.4235,1.250000e-04,2026-09-25T11:53:16
3399,68,0.2605,0.4162,1.250000e-04,2026-09-25T11:53:18
3400,68,0.2572,0.4072,1.250000e-04,2026-09-25T11:53:20
3401,69,0.2583,0.3997,1.250000e-04,2026-09-25T11:53:22
3402,69,0.2520,0.4016,1.250000e-04,2026-09-25T11:53:24
3403,69,0.2590,0.3980,1.250000e-04,2026-09-25T11:53:26
3404,69,0.2554,0.3902,1.250000e-04,2026-09-25T11:53:28
3405,69,0.2492,0.3943,1.250000e-04,2026-09-25T11:53:30
3406,69,0.2500,0.3953,1.250000e-04,2026-09-25T11:53:32
3407,69,0.2481,0.4116,1.250000e-04,2026-09-25T11:53:34
3408,69,0.2499,0.4042,1.250000e-04,2026-09-25T11:53:36
3409,69,0.2576,0.4055,1.250000e-04,2026-09-25T11:53:38
3410,69,0.2468,0.3967,1.250000e-04,2026-09-25T11:53:40
3411,69,0.2556,0.4128,1.250000e-04,2026-09-25T11:53:42
3412,69,0.2574,0.4059,1.250000e-04,2026-09-25T11:53:44
3413,69,0.2559,0.4088,1.250000e-04,2026-09-25T11:53:46
3414,69,0.2569,0.4100,1.250000e-04,2026-09-25T11:53:48
3415,69,0.2542,0.3965,1.250000e-04,2026-09-25T11:53:50
3416,69,0.2561,0.4057,1.250000e-04,2026-09-25T11:53:52
3417,69,0.2468,0.3945,1.250000e-04,2026-09-25T11:53:54
3418,69,0.2540,0.3921,1.250000e-04,2026-09-25T11:53:56
3419,69,0.2511,0.4136,1.250000e-04,2026-09-25T11:53:58
3420,69,0.2494,0.3947,1.250000e-04,2026-09-25T11:54:00
3421,69,0.2455,0.3901,1.250000e-04,2026-09-25T11:54:02
3422,69,0.2581,0.3983,1.250000e-04,2026-09-25T11:54:04
3423,69,0.2472,0.4096,1.250000e-04,2026-09-25T11:54:06
3424,69,0.2583,0.3904,1.250000e-04,2026-09-25T11:54:08
3425,69,0.2458,0.4000,1.250000e-04,2026-09-25T11:54:10
3426,69,0.2542,0.3926,1.250000e-04,2026-09-25T11:54:12
3427,69,0.2482,0.3959,1.250000e-04,2026-09-25T11:54:14
3428,69,0.2500,0.3982,1.250000e-04,2026-09-25T11:54:16
3429,69,0.2455,0.4108,1.250000e-04,2026-09-25T11:54:18
3430,69,0.2489,0.3933,1.250000e-04,2026-09-25T11:54:20
3431,69,0.2553,0.4021,1.250000e-04,2026-09-25T11:54:22
3432,69,0.2549,0.4067,1.250000e-04,2026-09-25T11:54:24
3433,69,0.2588,0.4002,1.250000e-04,2026-09-25T11:54:26
3434,69,0.2517,0.4099,1.250000e-04,2026-09-25T11:54:28
3435,69,0.2465,0.3922,1.250000e-04,2026-09-25T11:54:30
3436,69,0.2540,0.4085,1.250000e-04,2026-09-25T11:54:32
3437,69,0.2591,0.4095,1.250000e-04,2026-09-25T11:54:34
3438,69,0.2454,0.3922,1.250000e-04,2026-09-25T11:54:36
3439,69,0.2543,0.4107,1.250000e-04,2026-09-25T11:54:38
3440,69,0.2586,0.3934,1.250000e-04,2026-09-25T11:54:40
3441,69,0.2492,0.4003,1.250000e-04,2026-09-25T11:54:42
3442,69,0.2525,0.4073,1.250000e-04,2026-09-25T11:54:44
3443,69,0.2463,0.4053,1.250000e-04,2026-09-25T11:54:46
3444,69,0.2499,0.3930,1.250000e-04,2026-09-25T11:54:48
3445,69,0.2577,0.4002,1.250000e-04,2026-09-25T11:54:50
3446,69,0.2511,0.4082,1.250000e-04,2026-09-25T11:54:52
3447,69,0.2485,0.4092,1.250000e-04,2026-09-25T11:54:54
3448,69,0.2500,0.4018,1.250000e-04,2026-09-25T11:54:56
3449,69,0.2461,0.3986,1.250000e-04,2026-09-25T11:54:58
3450,69,0.2562,0.3984,1.250000e-04,2026-09-25T11:55:00
3451,70,0.2473,0.3800,1.250000e-04,2026-09-25T11:55:02
3452,70,0.2486,0.3863,1.250000e-04,2026-09-25T11:55:04
3453,70,0.2409,0.3952,1.250000e-04,2026-09-25T11:55:06
3454,70,0.2436,0.3860,1.250000e-04,2026-09-25T11:55:08
3455,70,0.2443,0.3963,1.250000e-04,2026-09-25T11:55:10
3456,70,0.2492,0.3849,1.250000e-04,2026-09-25T11:55:12
3457,70,0.2380,0.3799,1.250000e-04,2026-09-25T11:55:14
3458,70,0.2377,0.3953,1.250000e-04,2026-09-25T11:55:16
3459,70,0.2514,0.3785,1.250000e-04,2026-09-25T11:55:18
3460,70,0.2422,0.3994,1.250000e-04,2026-09-25T11:55:20
3461,70,0.2400,0.3779,1.250000e-04,2026-09-25T11:55:22
3462,70,0.2487,0.3919,1.250000e-04,2026-09-25T11:55:24
3463,70,0.2470,0.3975,1.250000e-04,2026-09-25T11:55:26
3464,70,0.2384,0.3912,1.250000e-04,2026-09-25T11:55:28
3465,70,0.2480,0.3919,1.250000e-04,2026-09-25T11:55:30
3466,70,0.2452,0.3834,1.250000e-04,2026-09-25T11:55:32
3467,70,0.2435,0.3924,1.250000e-04,2026-09-25T11:55:34
3468,70,0.2457,0.3836,1.250000e-04,2026-09-25T11:55:36
3469,70,0.2485,0.3977,1.250000e-04,2026-09-25T11:55:38
3470,70,0.2377,0.3830,1.250000e-04,2026-09-25T11:55:40
3471,70,0.2453,0.3979,1.250000e-04,2026-09-25T11:55:42
3472,70,0.2479,0.3869,1.250000e-04,2026-09-25T11:55:44
3473,70,0.2406,0.3892,1.250000e-04,2026-09-25T11:55:46
3474,70,0.2491,0.3917,1.250000e-04,2026-09-25T11:55:48
3475,70,0.2478,0.3972,1.250000e-04,2026-09-25T11:55:50
3476,70,0.2491,0.3859,1.250000e-04,2026-09-25T11:55:52
3477,70,0.2405,0.3835,1.250000e-04,2026-09-25T11:55:54
3478,70,0.2381,0.3843,1.250000e-04,2026-09-25T11:55:56
3479,70,0.2482,0.3937,1.250000e-04,2026-09-25T11:55:58
3480,70,0.2394,0.3996,1.250000e-04,2026-09-25T11:56:00
3481,70,0.2417,0.3787,1.250000e-04,2026-09-25T11:56:02
3482,70,0.2457,0.3886,1.250000e-04,2026-09-25T11:56:04
3483,70,0.2487,0.3802,1.250000e-04,2026-09-25T11:56:06
3484,70,0.2380,0.3951,1.250000e-04,2026-09-25T11:56:08
3485,70,0.2463,0.3821,1.250000e-04,2026-09-25T11:56:10
3486,70,0.2489,0.3934,1.250000e-04,2026-09-25T11:56:12
3487,70,0.2521,0.3791,1.250000e-04,2026-09-25T11:56:14
3488,70,0.2384,0.3852,1.250000e-04,2026-09-25T11:56:16
3489,70,0.2468,0.3848,1.250000e-04,2026-09-25T11:56:18
3490,70,0.2383,0.3917,1.250000e-04,2026-09-25T11:56:20
3491,70,0.2394,0.3834,1.250000e-04,2026-09-25T11:56:22
3492,70,0.2484,0.3871,1.250000e-04,2026-09-25T11:56:24
3493,70,0.2520,0.3953,1.250000e-04,2026-09-25T11:56:26
3494,70,0.2521,0.3897,1.250000e-04,2026-09-25T11:56:28
3495,70,0.2507,0.3911,1.250000e-04,2026-09-25T11:56:30
3496,70,0.2454,0.3904,1.250000e-04,2026-09-25T11:56:32
3497,70,0.2427,0.3831,1.250000e-04,2026-09-25T11:56:34
3498,70,0.2491,0.3931,1.250000e-04,2026-09-25T11:56:36
3499,70,0.2474,0.3931,1.250000e-04,2026-09-25T11:56:38
3500,70,0.2452,0.3823,1.250000e-04,2026-09-25T11:56:40
3501,71,0.2352,0.3782,1.250000e-04,2026-09-25T11:56:42
3502,71,0.2423,0.3732,1.250000e-04,2026-09-25T11:56:44
3503,71,0.2319,0.3811,1.250000e-04,2026-09-25T11:56:46
3504,71,0.2424,0.3669,1.250000e-04,2026-09-25T11:56:48
3505,71,0.2314,0.3851,1.250000e-04,2026-09-25T11:56:50
3506,71,0.2373,0.3752,1.250000e-04,2026-09-25T11:56:52
3507,71,0.2358,0.3770,1.250000e-04,2026-09-25T11:56:54
3508,71,0.2389,0.3768,1.250000e-04,2026-09-25T11:56:56
3509,71,0.2362,0.3710,1.250000e-04,2026-09-25T11:56:58
3510,71,0.2377,0.3746,1.250000e-04,2026-09-25T11:57:00
3511,71,0.2368,0.3861,1.250000e-04,2026-09-25T11:57:02
3512,71,0.2375,0.3871,1.250000e-04,2026-09-25T11:57:04
3513,71,0.2423,0.3683,1.250000e-04,2026-09-25T11:57:06
3514,71,0.2324,0.3811,1.250000e-04,2026-09-25T11:57:08
3515,71,0.2324,0.3810,1.250000e-04,2026-09-25T11:57:10
3516,71,0.2429,0.3677,1.250000e-04,2026-09-25T11:57:12
3517,71,0.2336,0.3758,1.250000e-04,2026-09-25T11:57:14
3518,71,0.2412,0.3864,1.250000e-04,2026-09-25T11:57:16
3519,71,0.2358,0.3866,1.250000e-04,2026-09-25T11:57:18
3520,71,0.2391,0.3743,1.250000e-04,2026-09-25T11:57:20
3521,71,0.2323,0.3780,1.250000e-04,2026-09-25T11:57:22
3522,71,0.2311,0.3685,1.250000e-04,2026-09-25T11:57:24
3523,71,0.2358,0.3875,1.250000e-04,2026-09-25T11:57:26
3524,71,0.2349,0.3761,1.250000e-04,2026-09-25T11:57:28
3525,71,0.2418,0.3683,1.250000e-04,2026-09-25T11:57:30
3526,71,0.2390,0.3662,1.250000e-04,2026-09-25T11:57:32
3527,71,0.2433,0.3852,1.250000e-04,2026-09-25T11:57:34
3528,71,0.2336,0.3836,1.250000e-04,2026-09-25T11:57:36
3529,71,0.2375,0.3678,1.250000e-04,2026-09-25T11:57:38
3530,71,0.2355,0.3847,1.250000e-04,2026-09-25T11:57:40
3531,71,0.2365,0.3780,1.250000e-04,2026-09-25T11:57:42
3532,71,0.2386,0.3854,1.250000e-04,2026-09-25T11:57:44
3533,71,0.2417,0.3758,1.250000e-04,2026-09-25T11:57:46
3534,71,0.2408,0.3788,1.250000e-04,2026-09-25T11:57:48
3535,71,0.2414,0.3765,1.250000e-04,2026-09-25T11:57:50
3536,71,0.2371,0.3752,1.250000e-04,2026-09-25T11:57:52
3537,71,0.2369,0.3846,1.250000e-04,2026-09-25T11:57:54
3538,71,0.2352,0.3831,1.250000e-04,2026-09-25T11:57:56
3539,71,0.2400,0.3743,1.250000e-04,2026-09-25T11:57:58
3540,71,0.2339,0.3740,1.250000e-04,2026-09-25T11:58:00
3541,71,0.2383,0.3867,1.250000e-04,2026-09-25T11:58:02
3542,71,0.2432,0.3817,1.250000e-04,2026-09-25T11:58:04
3543,71,0.2398,0.3846,1.250000e-04,2026-09-25T11:58:06
3544,71,0.2406,0.3780,1.250000e-04,2026-09-25T11:58:08
3545,71,0.2419,0.3811,1.250000e-04,2026-09-25T11:58:10
3546,71,0.2385,0.3679,1.250000e-04,2026-09-25T11:58:12
3547,71,0.2385,0.3694,1.250000e-04,2026-09-25T11:58:14
3548,71,0.2394,0.3781,1.250000e-04,2026-09-25T11:58:16
3549,71,0.2313,0.3780,1.250000e-04,2026-09-25T11:58:18
3550,71,0.2332,0.3758,1.250000e-04,2026-09-25T11:58:20
3551,72,0.2361,0.3574,1.250000e-04,2026-09-25T11:58:22
3552,72,0.2367,0.3587,1.250000e-04,2026-09-25T11:58:24
3553,72,0.2240,0.3721,1.250000e-04,2026-09-25T11:58:26
3554,72,0.2271,0.3703,1.250000e-04,2026-09-25T11:58:28
3555,72,0.2360,0.3645,1.250000e-04,2026-09-25T11:58:30
3556,72,0.2349,0.3681,1.250000e-04,2026-09-25T11:58:32
3557,72,0.2293,0.3558,1.250000e-04,2026-09-25T11:58:34
3558,72,0.2357,0.3553,1.250000e-04,2026-09-25T11:58:36
3559,72,0.2298,0.3639,1.250000e-04,2026-09-25T11:58:38
3560,72,0.2356,0.3618,1.250000e-04,2026-09-25T11:58:40
3561,72,0.2273,0.3573,1.250000e-04,2026-09-25T11:58:42
3562,72,0.2251,0.3585,1.250000e-04,2026-09-25T11:58:44
3563,72,0.2257,0.3604,1.250000e-04,2026-09-25T11:58:46
3564,72,0.2250,0.3615,1.250000e-04,2026-09-25T11:58:48
3565,72,0.2294,0.3585,1.250000e-04,2026-09-25T11:58:50
3566,72,0.2322,0.3619,1.250000e-04,2026-09-25T11:58:52
3567,72,0.2241,0.3561,1.250000e-04,2026-09-25T11:58:54
3568,72,0.2291,0.3618,1.250000e-04,2026-09-25T11:58:56
3569,72,0.2294,0.3619,1.250000e-04,2026-09-25T11:58:58
3570,72,0.2289,0.3730,1.250000e-04,2026-09-25T11:59:00
3571,72,0.2254,0.3592,1.250000e-04,2026-09-25T11:59:02
3572,72,0.2341,0.3676,1.250000e-04,2026-09-25T11:59:04
3573,72,0.2306,0.3713,1.250000e-04,2026-09-25T11:59:06
3574,72,0.2291,0.3573,1.250000e-04,2026-09-25T11:59:08
3575,72,0.2246,0.3650,1.250000e-04,2026-09-25T11:59:10
3576,72,0.2294,0.3654,1.250000e-04,2026-09-25T11:59:12
3577,72,0.2294,0.3599,1.250000e-04,2026-09-25T11:59:14
3578,72,0.2360,0.3607,1.250000e-04,2026-09-25T11:59:16
3579,72,0.2371,0.3696,1.250000e-04,2026-09-25T11:59:18
3580,72,0.2271,0.3670,1.250000e-04,2026-09-25T11:59:20
3581,72,0.2346,0.3615,1.250000e-04,2026-09-25T11:59:22
3582,72,0.2294,0.3566,1.250000e-04,2026-09-25T11:59:24
3583,72,0.2325,0.3593,1.250000e-04,2026-09-25T11:59:26
3584,72,0.2371,0.3630,1.250000e-04,2026-09-25T11:59:28
3585,72,0.2374,0.3719,1.250000e-04,2026-09-25T11:59:30
3586,72,0.2312,0.3641,1.250000e-04,2026-09-25T11:59:32
3587,72,0.2363,0.3647,1.250000e-04,2026-09-25T11:59:34
3588,72,0.2237,0.3650,1.250000e-04,2026-09-25T11:59:36
3589,72,0.2352,0.3611,1.250000e-04,2026-09-25T11:59:38
3590,72,0.2372,0.3548,1.250000e-04,2026-09-25T11:59:40
3591,72,0.2366,0.3654,1.250000e-04,2026-09-25T11:59:42
3592,72,0.2320,0.3732,1.250000e-04,2026-09-25T11:59:44
3593,72,0.2290,0.3625,1.250000e-04,2026-09-25T11:59:46
3594,72,0.2325,0.3676,1.250000e-04,2026-09-25T11:59:48
3595,72,0.2308,0.3558,1.250000e-04,2026-09-25T11:59:50
3596,72,0.2340,0.3671,1.250000e-04,2026-09-25T11:59:52
3597,72,0.2279,0.3635,1.250000e-04,2026-09-25T11:59:54
3598,72,0.2254,0.3579,1.250000e-04,2026-09-25T11:59:56
3599,72,0.2314,0.3609,1.250000e-04,2026-09-25T11:59:58
3600,72,0.2297,0.3682,1.250000e-04,2026-09-25T12:00:00
3601,73,0.2300,0.3521,1.250000e-04,2026-09-25T12:00:02
3602,73,0.2263,0.3526,1.250000e-04,2026-09-25T12:00:04
3603,73,0.2206,0.3613,1.250000e-04,2026-09-25T12:00:06
3604,73,0.2232,0.3505,1.250000e-04,2026-09-25T12:00:08
3605,73,0.2303,0.3526,1.250000e-04,2026-09-25T12:00:10
3606,73,0.2233,0.3581,1.250000e-04,2026-09-25T12:00:12
3607,73,0.2173,0.3600,1.250000e-04,2026-09-25T12:00:14
3608,73,0.2258,0.3453,1.250000e-04,2026-09-25T12:00:16
3609,73,0.2235,0.3645,1.250000e-04,2026-09-25T12:00:18
3610,73,0.2262,0.3541,1.250000e-04,2026-09-25T12:00:20
3611,73,0.2291,0.3603,1.250000e-04,2026-09-25T12:00:22
3612,73,0.2274,0.3568,1.250000e-04,2026-09-25T12:00:24
3613,73,0.2277,0.3591,1.250000e-04,2026-09-25T12:00:26
3614,73,0.2182,0.3459,1.250000e-04,2026-09-25T12:00:28
3615,73,0.2283,0.3596,1.250000e-04,2026-09-25T12:00:30
3616,73,0.2261,0.3528,1.250000e-04,2026-09-25T12:00:32
3617,73,0.2280,0.3629,1.250000e-04,2026-09-25T12:00:34
3618,73,0.2219,0.3490,1.250000e-04,2026-09-25T12:00:36
3619,73,0.2274,0.3601,1.250000e-04,2026-09-25T12:00:38
3620,73,0.2172,0.3551,1.250000e-04,2026-09-25T12:00:40
3621,73,0.2297,0.3548,1.250000e-04,2026-09-25T12:00:42
3622,73,0.2201,0.3457,1.250000e-04,2026-09-25T12:00:44
3623,73,0.2209,0.3649,1.250000e-04,2026-09-25T12:00:46
3624,73,0.2219,0.3472,1.250000e-04,2026-09-25T12:00:48
3625,73,0.2254,0.3517,1.250000e-04,2026-09-25T12:00:50
3626,73,0.2268,0.3503,1.250000e-04,2026-09-25T12:00:52
3627,73,0.2238,0.3530,1.250000e-04,2026-09-25T12:00:54
3628,73,0.2209,0.3646,1.250000e-04,2026-09-25T12:00:56
3629,73,0.2266,0.3497,1.250000e-04,2026-09-25T12:00:58
3630,73,0.2198,0.3628,1.250000e-04,2026-09-25T12:01:00
3631,73,0.2224,0.3638,1.250000e-04,2026-09-25T12:01:02
3632,73,0.2248,0.3558,1.250000e-04,2026-09-25T12:01:04
3633,73,0.2245,0.3594,1.250000e-04,2026-09-25T12:01:06
3634,73,0.2247,0.3598,1.250000e-04,2026-09-25T12:01:08
3635,73,0.2247,0.3467,1.250000e-04,2026-09-25T12:01:10
3636,73,0.2188,0.3467,1.250000e-04,2026-09-25T12:01:12
3637,73,0.2206,0.3574,1.250000e-04,2026-09-25T12:01:14
3638,73,0.2202,0.3564,1.250000e-04,2026-09-25T12:01:16
3639,73,0.2276,0.3494,1.250000e-04,2026-09-25T12:01:18
3640,73,0.2262,0.3664,1.250000e-04,2026-09-25T12:01:20
3641,73,0.2264,0.3566,1.250000e-04,2026-09-25T12:01:22
3642,73,0.2205,0.3572,1.250000e-04,2026-09-25T12:01:24
3643,73,0.2232,0.3653,1.250000e-04,2026-09-25T12:01:26
3644,73,0.2257,0.3654,1.250000e-04,2026-09-25T12:01:28
3645,73,0.2178,0.3653,1.250000e-04,2026-09-25T12:01:30
3646,73,0.2229,0.3665,1.250000e-04,2026-09-25T12:01:32
3647,73,0.2208,0.3598,1.250000e-04,2026-09-25T12:01:34
3648,73,0.2234,0.3530,1.250000e-04,2026-09-25T12:01:36
3649,73,0.2273,0.3641,1.250000e-04,2026-09-25T12:01:38
3650,73,0.2201,0.3512,1.250000e-04,2026-09-25T12:01:40
3651,74,0.2162,0.3456,1.250000e-04,2026-09-25T12:01:42
3652,74,0.2108,0.3403,1.250000e-04,2026-09-25T12:01:44
3653,74,0.2118,0.3482,1.250000e-04,2026-09-25T12:01:46
3654,74,0.2110,0.3516,1.250000e-04,2026-09-25T12:01:48
3655,74,0.2234,0.3451,1.250000e-04,2026-09-25T12:01:50
3656,74,0.2117,0.3415,1.250000e-04,2026-09-25T12:01:52
3657,74,0.2128,0.3427,1.250000e-04,2026-09-25T12:01:54
3658,74,0.2189,0.3383,1.250000e-04,2026-09-25T12:01:56
3659,74,0.2170,0.3531,1.250000e-04,2026-09-25T12:01:58
3660,74,0.2184,0.3493,1.250000e-04,2026-09-25T12:02:00
3661,74,0.2151,0.3415,1.250000e-04,2026-09-25T12:02:02
3662,74,0.2121,0.3412,1.250000e-04,2026-09-25T12:02:04
3663,74,0.2151,0.3374,1.250000e-04,2026-09-25T12:02:06
3664,74,0.2150,0.3528,1.250000e-04,2026-09-25T12:02:08
3665,74,0.2230,0.3524,1.250000e-04,2026-09-25T12:02:10
3666,74,0.2188,0.3522,1.250000e-04,2026-09-25T12:02:12
3667,74,0.2189,0.3483,1.250000e-04,2026-09-25T12:02:14
3668,74,0.2118,0.3375,1.250000e-04,2026-09-25T12:02:16
3669,74,0.2111,0.3428,1.250000e-04,2026-09-25T12:02:18
3670,74,0.2217,0.3376,1.250000e-04,2026-09-25T12:02:20
3671,74,0.2124,0.3554,1.250000e-04,2026-09-25T12:02:22
3672,74,0.2165,0.3425,1.250000e-04,2026-09-25T12:02:24
3673,74,0.2189,0.3376,1.250000e-04,2026-09-25T12:02:26
3674,74,0.2195,0.3479,1.250000e-04,2026-09-25T12:02:28
3675,74,0.2145,0.3442,1.250000e-04,2026-09-25T12:02:30
3676,74,0.2120,0.3519,1.250000e-04,2026-09-25T12:02:32
3677,74,0.2137,0.3487,1.250000e-04,2026-09-25T12:02:34
3678,74,0.2193,0.3365,1.250000e-04,2026-09-25T12:02:36
3679,74,0.2157,0.3528,1.250000e-04,2026-09-25T12:02:38
3680,74,0.2222,0.3492,1.250000e-04,2026-09-25T12:02:40
3681,74,0.2151,0.3558,1.250000e-04,2026-09-25T12:02:42
3682,74,0.2209,0.3457,1.250000e-04,2026-09-25T12:02:44
3683,74,0.2150,0.3403,1.250000e-04,2026-09-25T12:02:46
3684,74,0.2120,0.3487,1.250000e-04,2026-09-25T12:02:48
3685,74,0.2116,0.3527,1.250000e-04,2026-09-25T12:02:50
3686,74,0.2132,0.3482,1.250000e-04,2026-09-25T12:02:52
3687,74,0.2190,0.3416,1.250000e-04,2026-09-25T12:02:54
3688,74,0.2162,0.3514,1.250000e-04,2026-09-25T12:02:56
3689,74,0.2165,0.3413,1.250000e-04,2026-09-25T12:02:58
3690,74,0.2211,0.3375,1.250000e-04,2026-09-25T12:03:00
3691,74,0.2148,0.3453,1.250000e-04,2026-09-25T12:03:02
3692,74,0.2232,0.3520,1.250000e-04,2026-09-25T12:03:04
3693,74,0.2148,0.3547,1.250000e-04,2026-09-25T12:03:06
3694,74,0.2208,0.3393,1.250000e-04,2026-09-25T12:03:08
3695,74,0.2147,0.3434,1.250000e-04,2026-09-25T12:03:10
3696,74,0.2155,0.3364,1.250000e-04,2026-09-25T12:03:12
3697,74,0.2183,0.3504,1.250000e-04,2026-09-25T12:03:14
3698,74,0.2114,0.3468,1.250000e-04,2026-09-25T12:03:16
3699,74,0.2216,0.3541,1.250000e-04,2026-09-25T12:03:18
3700,74,0.2162,0.3403,1.250000e-04,2026-09-25T12:03:20
3701,75,0.2070,0.3461,1.250000e-04,2026-09-25T12:03:22
3702,75,0.2144,0.3346,1.250000e-04,2026-09-25T12:03:24
3703,75,0.2129,0.3418,1.250000e-04,2026-09-25T12:03:26
3704,75,0.2169,0.3399,1.250000e-04,2026-09-25T12:03:28
3705,75,0.2087,0.3394,1.250000e-04,2026-09-25T12:03:30
3706,75,0.2167,0.3402,1.250000e-04,2026-09-25T12:03:32
3707,75,0.2098,0.3310,1.250000e-04,2026-09-25T12:03:34
3708,75,0.2102,0.3437,1.250000e-04,2026-09-25T12:03:36
3709,75,0.2050,0.3321,1.250000e-04,2026-09-25T12:03:38
3710,75,0.2045,0.3322,1.250000e-04,2026-09-25T12:03:40
3711,75,0.2074,0.3403,1.250000e-04,2026-09-25T12:03:42
3712,75,0.2075,0.3426,1.250000e-04,2026-09-25T12:03:44
3713,75,0.2165,0.3344,1.250000e-04,2026-09-25T12:03:46
3714,75,0.2138,0.3319,1.250000e-04,2026-09-25T12:03:48
3715,75,0.2068,0.3478,1.250000e-04,2026-09-25T12:03:50
3716,75,0.2091,0.3292,1.250000e-04,2026-09-25T12:03:52
3717,75,0.2049,0.3300,1.250000e-04,2026-09-25T12:03:54
3718,75,0.2081,0.3316,1.250000e-04,2026-09-25T12:03:56
3719,75,0.2119,0.3432,1.250000e-04,2026-09-25T12:03:58
3720,75,0.2050,0.3283,1.250000e-04,2026-09-25T12:04:00
3721,75,0.2070,0.3312,1.250000e-04,2026-09-25T12:04:02
3722,75,0.2157,0.3423,1.250000e-04,2026-09-25T12:04:04
3723,75,0.2088,0.3389,1.250000e-04,2026-09-25T12:04:06
3724,75,0.2067,0.3281,1.250000e-04,2026-09-25T12:04:08
3725,75,0.2151,0.3462,1.250000e-04,2026-09-25T12:04:10
3726,75,0.2047,0.3414,1.250000e-04,2026-09-25T12:04:12
3727,75,0.2093,0.3437,1.250000e-04,2026-09-25T12:04:14
3728,75,0.2059,0.3467,1.250000e-04,2026-09-25T12:04:16
3729,75,0.2083,0.3326,1.250000e-04,2026-09-25T12:04:18
3730,75,0.2147,0.3411,1.250000e-04,2026-09-25T12:04:20
3731,75,0.2164,0.3475,1.250000e-04,2026-09-25T12:04:22
3732,75,0.2171,0.3456,1.250000e-04,2026-09-25T12:04:24
3733,75,0.2156,0.3290,1.250000e-04,2026-09-25T12:04:26
3734,75,0.2063,0.3464,1.250000e-04,2026-09-25T12:04:28
3735,75,0.2145,0.3316,1.250000e-04,2026-09-25T12:04:30
3736,75,0.2093,0.3353,1.250000e-04,2026-09-25T12:04:32
3737,75,0.2121,0.3475,1.250000e-04,2026-09-25T12:04:34
3738,75,0.2076,0.3286,1.250000e-04,2026-09-25T12:04:36
3739,75,0.2123,0.3315,1.250000e-04,2026-09-25T12:04:38
3740,75,0.2112,0.3437,1.250000e-04,2026-09-25T12:04:40
3741,75,0.2086,0.3288,1.250000e-04,2026-09-25T12:04:42
3742,75,0.2145,0.3454,1.250000e-04,2026-09-25T12:04:44
3743,75,0.2152,0.3473,1.250000e-04,2026-09-25T12:04:46
3744,75,0.2157,0.3319,1.250000e-04,2026-09-25T12:04:48
3745,75,0.2055,0.3372,1.250000e-04,2026-09-25T12:04:50
3746,75,0.2129,0.3290,1.250000e-04,2026-09-25T12:04:52
3747,75,0.2109,0.3429,1.250000e-04,2026-09-25T12:04:54
3748,75,0.2126,0.3380,1.250000e-04,2026-09-25T12:04:56
3749,75,0.2108,0.3371,1.250000e-04,2026-09-25T12:04:58
3750,75,0.2085,0.3353,1.250000e-04,2026-09-25T12:05:00
3751,76,0.2070,0.3336,1.250000e-04,2026-09-25T12:05:02
3752,76,0.2045,0.3247,1.250000e-04,2026-09-25T12:05:04
3753,76,0.2034,0.3376,1.250000e-04,2026-09-25T12:05:06
3754,76,0.2056,0.3202,1.250000e-04,2026-09-25T12:05:08
3755,76,0.2011,0.3235,1.250000e-04,2026-09-25T12:05:10
3756,76,0.2090,0.3273,1.250000e-04,2026-09-25T12:05:12
3757,76,0.2022,0.3370,1.250000e-04,2026-09-25T12:05:14
3758,76,0.2054,0.3379,1.250000e-04,2026-09-25T12:05:16
3759,76,0.2030,0.3303,1.250000e-04,2026-09-25T12:05:18
3760,76,0.2001,0.3211,1.250000e-04,2026-09-25T12:05:20
3761,76,0.2039,0.3264,1.250000e-04,2026-09-25T12:05:22
3762,76,0.2056,0.3286,1.250000e-04,2026-09-25T12:05:24
3763,76,0.2061,0.3279,1.250000e-04,2026-09-25T12:05:26
3764,76,0.2042,0.3275,1.250000e-04,2026-09-25T12:05:28
3765,76,0.2083,0.3257,1.250000e-04,2026-09-25T12:05:30
3766,76,0.2031,0.3230,1.250000e-04,2026-09-25T12:05:32
3767,76,0.2013,0.3322,1.250000e-04,2026-09-25T12:05:34
3768,76,0.2028,0.3211,1.250000e-04,2026-09-25T12:05:36
3769,76,0.2088,0.3296,1.250000e-04,2026-09-25T12:05:38
3770,76,0.2063,0.3350,1.250000e-04,2026-09-25T12:05:40
3771,76,0.2098,0.3214,1.250000e-04,2026-09-25T12:05:42
3772,76,0.1993,0.3202,1.250000e-04,2026-09-25T12:05:44
3773,76,0.2009,0.3233,1.250000e-04,2026-09-25T12:05:46
3774,76,0.2025,0.3254,1.250000e-04,2026-09-25T12:05:48
3775,76,0.2084,0.3330,1.250000e-04,2026-09-25T12:05:50
3776,76,0.2018,0.3334,1.250000e-04,2026-09-25T12:05:52
3777,76,0.2107,0.3392,1.250000e-04,2026-09-25T12:05:54
3778,76,0.2077,0.3341,1.250000e-04,2026-09-25T12:05:56
3779,76,0.2096,0.3196,1.250000e-04,2026-09-25T12:05:58
3780,76,0.2021,0.3357,1.250000e-04,2026-09-25T12:06:00
3781,76,0.2080,0.3274,1.250000e-04,2026-09-25T12:06:02
3782,76,0.2034,0.3309,1.250000e-04,2026-09-25T12:06:04
3783,76,0.2065,0.3288,1.250000e-04,2026-09-25T12:06:06
3784,76,0.2047,0.3345,1.250000e-04,2026-09-25T12:06:08
3785,76,0.2003,0.3273,1.250000e-04,2026-09-25T12:06:10
3786,76,0.2012,0.3342,1.250000e-04,2026-09-25T12:06:12
3787,76,0.2043,0.3296,1.250000e-04,2026-09-25T12:06:14
3788,76,0.2081,0.3344,1.250000e-04,2026-09-25T12:06:16
3789,76,0.2073,0.3286,1.250000e-04,2026-09-25T12:06:18
3790,76,0.2082,0.3256,1.250000e-04,2026-09-25T12:06:20
3791,76,0.2007,0.3347,1.250000e-04,2026-09-25T12:06:22
3792,76,0.2070,0.3236,1.250000e-04,2026-09-25T12:06:24
3793,76,0.2040,0.3305,1.250000e-04,2026-09-25T12:06:26
3794,76,0.2030,0.3309,1.250000e-04,2026-09-25T12:06:28
3795,76,0.2000,0.3381,1.250000e-04,2026-09-25T12:06:30
3796,76,0.1986,0.3355,1.250000e-04,2026-09-25T12:06:32
3797,76,0.2087,0.3262,1.250000e-04,2026-09-25T12:06:34
3798,76,0.2036,0.3330,1.250000e-04,2026-09-25T12:06:36
3799,76,0.2034,0.3348,1.250000e-04,2026-09-25T12:06:38
3800,76,0.2050,0.3259,1.250000e-04,2026-09-25T12:06:40
3801,77,0.1928,0.3266,1.250000e-04,2026-09-25T12:06:42
3802,77,0.2036,0.3144,1.250000e-04,2026-09-25T12:06:44
3803,77,0.2039,0.3178,1.250000e-04,2026-09-25T12:06:46
3804,77,0.2001,0.3231,1.250000e-04,2026-09-25T12:06:48
3805,77,0.1998,0.3282,1.250000e-04,2026-09-25T12:06:50
3806,77,0.2042,0.3154,1.250000e-04,2026-09-25T12:06:52
3807,77,0.1972,0.3218,1.250000e-04,2026-09-25T12:06:54
3808,77,0.1948,0.3136,1.250000e-04,2026-09-25T12:06:56
3809,77,0.1994,0.3202,1.250000e-04,2026-09-25T12:06:58
3810,77,0.2032,0.3133,1.250000e-04,2026-09-25T12:07:00
3811,77,0.1938,0.3221,1.250000e-04,2026-09-25T12:07:02
3812,77,0.1929,0.3247,1.250000e-04,2026-09-25T12:07:04
3813,77,0.1984,0.3151,1.250000e-04,2026-09-25T12:07:06
3814,77,0.1934,0.3300,1.250000e-04,2026-09-25T12:07:08
3815,77,0.1959,0.3159,1.250000e-04,2026-09-25T12:07:10
3816,77,0.2004,0.3128,1.250000e-04,2026-09-25T12:07:12
3817,77,0.1933,0.3214,1.250000e-04,2026-09-25T12:07:14
3818,77,0.1946,0.3280,1.250000e-04,2026-09-25T12:07:16
3819,77,0.1975,0.3145,1.250000e-04,2026-09-25T12:07:18
3820,77,0.1939,0.3218,1.250000e-04,2026-09-25T12:07:20
3821,77,0.1983,0.3128,1.250000e-04,2026-09-25T12:07:22
3822,77,0.2039,0.3281,1.250000e-04,2026-09-25T12:07:24
3823,77,0.1941,0.3154,1.250000e-04,2026-09-25T12:07:26
3824,77,0.1977,0.3251,1.250000e-04,2026-09-25T12:07:28
3825,77,0.1982,0.3231,1.250000e-04,2026-09-25T12:07:30
3826,77,0.2038,0.3228,1.250000e-04,2026-09-25T12:07:32
3827,77,0.1986,0.3247,1.250000e-04,2026-09-25T12:07:34
3828,77,0.1958,0.3116,1.250000e-04,2026-09-25T12:07:36
3829,77,0.1943,0.3127,1.250000e-04,2026-09-25T12:07:38
3830,77,0.1973,0.3270,1.250000e-04,2026-09-25T12:07:40
3831,77,0.1988,0.3290,1.250000e-04,2026-09-25T12:07:42
3832,77,0.2030,0.3203,1.250000e-04,2026-09-25T12:07:44
3833,77,0.1994,0.3257,1.250000e-04,2026-09-25T12:07:46
3834,77,0.1960,0.3284,1.250000e-04,2026-09-25T12:07:48
3835,77,0.1980,0.3249,1.250000e-04,2026-09-25T12:07:50
3836,77,0.2010,0.3172,1.250000e-04,2026-09-25T12:07:52
3837,77,0.1999,0.3271,1.250000e-04,2026-09-25T12:07:54
3838,77,0.1947,0.3163,1.250000e-04,2026-09-25T12:07:56
3839,77,0.2033,0.3256,1.250000e-04,2026-09-25T12:07:58
3840,77,0.1980,0.3290,1.250000e-04,2026-09-25T12:08:00
3841,77,0.1948,0.3224,1.250000e-04,2026-09-25T12:08:02
3842,77,0.1973,0.3297,1.250000e-04,2026-09-25T12:08:04
3843,77,0.1954,0.3282,1.250000e-04,2026-09-25T12:08:06
3844,77,0.1958,0.3236,1.250000e-04,2026-09-25T12:08:08
3845,77,0.1960,0.3291,1.250000e-04,2026-09-25T12:08:10
3846,77,0.2009,0.3254,1.250000e-04,2026-09-25T12:08:12
3847,77,0.1952,0.3210,1.250000e-04,2026-09-25T12:08:14
3848,77,0.2044,0.3221,1.250000e-04,2026-09-25T12:08:16
3849,77,0.2044,0.3129,1.250000e-04,2026-09-25T12:08:18
3850,77,0.1938,0.3262,1.250000e-04,2026-09-25T12:08:20
3851,78,0.1906,0.3122,1.250000e-04,2026-09-25T12:08:22
3852,78,0.1898,0.3132,1.250000e-04,2026-09-25T12:08:24
3853,78,0.1922,0.3051,1.250000e-04,2026-09-25T12:08:26
3854,78,0.1949,0.3178,1.250000e-04,2026-09-25T12:08:28
3855,78,0.1913,0.3177,1.250000e-04,2026-09-25T12:08:30
3856,78,0.1968,0.3112,1.250000e-04,2026-09-25T12:08:32
3857,78,0.1870,0.3059,1.250000e-04,2026-09-25T12:08:34
3858,78,0.1975,0.3099,1.250000e-04,2026-09-25T12:08:36
3859,78,0.1955,0.3128,1.250000e-04,2026-09-25T12:08:38
3860,78,0.1877,0.3140,1.250000e-04,2026-09-25T12:08:40
3861,78,0.1897,0.3216,1.250000e-04,2026-09-25T12:08:42
3862,78,0.1885,0.3191,1.250000e-04,2026-09-25T12:08:44
3863,78,0.1966,0.3069,1.250000e-04,2026-09-25T12:08:46
3864,78,0.1871,0.3056,1.250000e-04,2026-09-25T12:08:48
3865,78,0.1903,0.3138,1.250000e-04,2026-09-25T12:08:50
3866,78,0.1914,0.3052,1.250000e-04,2026-09-25T12:08:52
3867,78,0.1957,0.3164,1.250000e-04,2026-09-25T12:08:54
3868,78,0.1886,0.3104,1.250000e-04,2026-09-25T12:08:56
3869,78,0.1894,0.3044,1.250000e-04,2026-09-25T12:08:58
3870,78,0.1947,0.3078,1.250000e-04,2026-09-25T12:09:00
3871,78,0.1949,0.3194,1.250000e-04,2026-09-25T12:09:02
3872,78,0.1963,0.3158,1.250000e-04,2026-09-25T12:09:04
3873,78,0.1952,0.3206,1.250000e-04,2026-09-25T12:09:06
3874,78,0.1914,0.3095,1.250000e-04,2026-09-25T12:09:08
3875,78,0.1875,0.3038,1.250000e-04,2026-09-25T12:09:10
3876,78,0.1958,0.3181,1.250000e-04,2026-09-25T12:09:12
3877,78,0.1976,0.3107,1.250000e-04,2026-09-25T12:09:14
3878,78,0.1896,0.3054,1.250000e-04,2026-09-25T12:09:16
3879,78,0.1917,0.3223,1.250000e-04,2026-09-25T12:09:18
3880,78,0.1908,0.3073,1.250000e-04,2026-09-25T12:09:20
3881,78,0.1946,0.3079,1.250000e-04,2026-09-25T12:09:22
3882,78,0.1971,0.3187,1.250000e-04,2026-09-25T12:09:24
3883,78,0.1965,0.3069,1.250000e-04,2026-09-25T12:09:26
3884,78,0.1888,0.3115,1.250000e-04,2026-09-25T12:09:28
3885,78,0.1881,0.3099,1.250000e-04,2026-09-25T12:09:30
3886,78,0.1934,0.3073,1.250000e-04,2026-09-25T12:09:32
3887,78,0.1893,0.3139,1.250000e-04,2026-09-25T12:09:34
3888,78,0.1977,0.3060,1.250000e-04,2026-09-25T12:09:36
3889,78,0.1893,0.3104,1.250000e-04,2026-09-25T12:09:38
3890,78,0.1889,0.3113,1.250000e-04,2026-09-25T12:09:40
3891,78,0.1905,0.3110,1.250000e-04,2026-09-25T12:09:42
3892,78,0.1922,0.3049,1.250000e-04,2026-09-25T12:09:44
3893,78,0.1963,0.3159,1.250000e-04,2026-09-25T12:09:46
3894,78,0.1911,0.3050,1.250000e-04,2026-09-25T12:09:48
3895,78,0.1894,0.3094,1.250000e-04,2026-09-25T12:09:50
3896,78,0.1938,0.3222,1.250000e-04,2026-09-25T12:09:52
3897,78,0.1881,0.3138,1.250000e-04,2026-09-25T12:09:54
3898,78,0.1983,0.3197,1.250000e-04,2026-09-25T12:09:56
3899,78,0.1889,0.3217,1.250000e-04,2026-09-25T12:09:58
3900,78,0.1938,0.3221,1.250000e-04,2026-09-25T12:10:00
3901,79,0.1892,0.3086,1.250000e-04,2026-09-25T12:10:02
3902,79,0.1923,0.3089,1.250000e-04,2026-09-25T12:10:04
3903,79,0.1851,0.3078,1.250000e-04,2026-09-25T12:10:06
3904,79,0.1913,0.3020,1.250000e-04,2026-09-25T12:10:08
3905,79,0.1909,0.3050,1.250000e-04,2026-09-25T12:10:10
3906,79,0.1851,0.3073,1.250000e-04,2026-09-25T12:10:12
3907,79,0.1879,0.3032,1.250000e-04,2026-09-25T12:10:14
3908,79,0.1885,0.3004,1.250000e-04,2026-09-25T12:10:16
3909,79,0.1879,0.3143,1.250000e-04,2026-09-25T12:10:18
3910,79,0.1840,0.3075,1.250000e-04,2026-09-25T12:10:20
3911,79,0.1914,0.3018,1.250000e-04,2026-09-25T12:10:22
3912,79,0.1896,0.3100,1.250000e-04,2026-09-25T12:10:24
3913,79,0.1883,0.2973,1.250000e-04,2026-09-25T12:10:26
3914,79,0.1856,0.3016,1.250000e-04,2026-09-25T12:10:28
3915,79,0.1831,0.2999,1.250000e-04,2026-09-25T12:10:30
3916,79,0.1818,0.3131,1.250000e-04,2026-09-25T12:10:32
3917,79,0.1881,0.3135,1.250000e-04,2026-09-25T12:10:34
3918,79,0.1896,0.3022,1.250000e-04,2026-09-25T12:10:36
3919,79,0.1845,0.3080,1.250000e-04,2026-09-25T12:10:38
3920,79,0.1899,0.3057,1.250000e-04,2026-09-25T12:10:40
3921,79,0.1923,0.3080,1.250000e-04,2026-09-25T12:10:42
3922,79,0.1846,0.2966,1.250000e-04,2026-09-25T12:10:44
3923,79,0.1909,0.3022,1.250000e-04,2026-09-25T12:10:46
3924,79,0.1841,0.3061,1.250000e-04,2026-09-25T12:10:48
3925,79,0.1915,0.3084,1.250000e-04,2026-09-25T12:10:50
3926,79,0.1841,0.3088,1.250000e-04,2026-09-25T12:10:52
3927,79,0.1894,0.3073,1.250000e-04,2026-09-25T12:10:54
3928,79,0.1856,0.3021,1.250000e-04,2026-09-25T12:10:56
3929,79,0.1863,0.2963,1.250000e-04,2026-09-25T12:10:58
3930,79,0.1911,0.2975,1.250000e-04,2026-09-25T12:11:00
3931,79,0.1835,0.3078,1.250000e-04,2026-09-25T12:11:02
3932,79,0.1829,0.2999,1.250000e-04,2026-09-25T12:11:04
3933,79,0.1824,0.3070,1.250000e-04,2026-09-25T12:11:06
3934,79,0.1907,0.3132,1.250000e-04,2026-09-25T12:11:08
3935,79,0.1840,0.2976,1.250000e-04,2026-09-25T12:11:10
3936,79,0.1895,0.3019,1.250000e-04,2026-09-25T12:11:12
3937,79,0.1894,0.3007,1.250000e-04,2026-09-25T12:11:14
3938,79,0.1833,0.3007,1.250000e-04,2026-09-25T12:11:16
3939,79,0.1846,0.3044,1.250000e-04,2026-09-25T12:11:18
3940,79,0.1885,0.3012,1.250000e-04,2026-09-25T12:11:20
3941,79,0.1901,0.2976,1.250000e-04,2026-09-25T12:11:22
3942,79,0.1923,0.3035,1.250000e-04,2026-09-25T12:11:24
3943,79,0.1832,0.3043,1.250000e-04,2026-09-25T12:11:26
3944,79,0.1870,0.3096,1.250000e-04,2026-09-25T12:11:28
3945,79,0.1899,0.3112,1.250000e-04,2026-09-25T12:11:30
3946,79,0.1903,0.2965,1.250000e-04,2026-09-25T12:11:32
3947,79,0.1856,0.3118,1.250000e-04,2026-09-25T12:11:34
3948,79,0.1899,0.3131,1.250000e-04,2026-09-25T12:11:36
3949,79,0.1880,0.2990,1.250000e-04,2026-09-25T12:11:38
3950,79,0.1895,0.3009,1.250000e-04,2026-09-25T12:11:40
3951,80,0.1810,0.2969,6.250000e-05,2026-09-25T12:11:42
3952,80,0.1801,0.2997,6.250000e-05,2026-09-25T12:11:44
3953,80,0.1768,0.2913,6.250000e-05,2026-09-25T12:11:46
3954,80,0.1811,0.2916,6.250000e-05,2026-09-25T12:11:48
3955,80,0.1781,0.2891,6.250000e-05,2026-09-25T12:11:50
3956,80,0.1814,0.3018,6.250000e-05,2026-09-25T12:11:52
3957,80,0.1813,0.3054,6.250000e-05,2026-09-25T12:11:54
3958,80,0.1862,0.3062,6.250000e-05,2026-09-25T12:11:56
3959,80,0.1801,0.2976,6.250000e-05,2026-09-25T12:11:58
3960,80,0.1830,0.2994,6.250000e-05,2026-09-25T12:12:00
3961,80,0.1804,0.2895,6.250000e-05,2026-09-25T12:12:02
3962,80,0.1860,0.2957,6.250000e-05,2026-09-25T12:12:04
3963,80,0.1822,0.2923,6.250000e-05,2026-09-25T12:12:06
3964,80,0.1807,0.2934,6.250000e-05,2026-09-25T12:12:08
3965,80,0.1859,0.3017,6.250000e-05,2026-09-25T12:12:10
3966,80,0.1815,0.2976,6.250000e-05,2026-09-25T12:12:12
3967,80,0.1835,0.3013,6.250000e-05,2026-09-25T12:12:14
3968,80,0.1831,0.3054,6.250000e-05,2026-09-25T12:12:16
3969,80,0.1840,0.2932,6.250000e-05,2026-09-25T12:12:18
3970,80,0.1764,0.3034,6.250000e-05,2026-09-25T12:12:20
3971,80,0.1829,0.3009,6.250000e-05,2026-09-25T12:12:22
3972,80,0.1836,0.3004,6.250000e-05,2026-09-25T12:12:24
3973,80,0.1788,0.2970,6.250000e-05,2026-09-25T12:12:26
3974,80,0.1834,0.2934,6.250000e-05,2026-09-25T12:12:28
3975,80,0.1825,0.3058,6.250000e-05,2026-09-25T12:12:30
3976,80,0.1852,0.2891,6.250000e-05,2026-09-25T12:12:32
3977,80,0.1844,0.3004,6.250000e-05,2026-09-25T12:12:34
3978,80,0.1860,0.2959,6.250000e-05,2026-09-25T12:12:36
3979,80,0.1824,0.3049,6.250000e-05,2026-09-25T12:12:38
3980,80,0.1816,0.2922,6.250000e-05,2026-09-25T12:12:40
3981,80,0.1806,0.3037,6.250000e-05,2026-09-25T12:12:42
3982,80,0.1787,0.2942,6.250000e-05,2026-09-25T12:12:44
3983,80,0.1865,0.3006,6.250000e-05,2026-09-25T12:12:46
3984,80,0.1802,0.2943,6.250000e-05,2026-09-25T12:12:48
3985,80,0.1805,0.3045,6.250000e-05,2026-09-25T12:12:50
3986,80,0.1839,0.2904,6.250000e-05,2026-09-25T12:12:52
3987,80,0.1829,0.3027,6.250000e-05,2026-09-25T12:12:54
3988,80,0.1797,0.2914,6.250000e-05,2026-09-25T12:12:56
3989,80,0.1841,0.3055,6.250000e-05,2026-09-25T12:12:58
3990,80,0.1803,0.2943,6.250000e-05,2026-09-25T12:13:00
3991,80,0.1867,0.3034,6.250000e-05,2026-09-25T12:13:02
3992,80,0.1760,0.2901,6.250000e-05,2026-09-25T12:13:04
3993,80,0.1836,0.2982,6.250000e-05,2026-09-25T12:13:06
3994,80,0.1831,0.3019,6.250000e-05,2026-09-25T12:13:08
3995,80,0.1779,0.2955,6.250000e-05,2026-09-25T12:13:10
3996,80,0.1837,0.2924,6.250000e-05,2026-09-25T12:13:12
3997,80,0.1780,0.3058,6.250000e-05,2026-09-25T12:13:14
3998,80,0.1809,0.3034,6.250000e-05,2026-09-25T12:13:16
3999,80,0.1780,0.2899,6.250000e-05,2026-09-25T12:13:18
4000,80,0.1780,0.3024,6.250000e-05,2026-09-25T12:13:20
4001,81,0.1788,0.3049,6.250000e-05,2026-09-25T12:13:22
4002,81,0.1804,0.3000,6.250000e-05,2026-09-25T12:13:24
4003,81,0.1828,0.3043,6.250000e-05,2026-09-25T12:13:26
4004,81,0.1778,0.2940,6.250000e-05,2026-09-25T12:13:28
4005,81,0.1801,0.2937,6.250000e-05,2026-09-25T12:13:30
4006,81,0.1797,0.2993,6.250000e-05,2026-09-25T12:13:32
4007,81,0.1812,0.3008,6.250000e-05,2026-09-25T12:13:34
4008,81,0.1771,0.2899,6.250000e-05,2026-09-25T12:13:36
4009,81,0.1842,0.2889,6.250000e-05,2026-09-25T12:13:38
4010,81,0.1823,0.3064,6.250000e-05,2026-09-25T12:13:40
4011,81,0.1770,0.2981,6.250000e-05,2026-09-25T12:13:42
4012,81,0.1761,0.2996,6.250000e-05,2026-09-25T12:13:44
4013,81,0.1867,0.3024,6.250000e-05,2026-09-25T12:13:46
4014,81,0.1861,0.2973,6.250000e-05,2026-09-25T12:13:48
4015,81,0.1797,0.2965,6.250000e-05,2026-09-25T12:13:50
4016,81,0.1800,0.3047,6.250000e-05,2026-09-25T12:13:52
4017,81,0.1869,0.3034,6.250000e-05,2026-09-25T12:13:54
4018,81,0.1862,0.3007,6.250000e-05,2026-09-25T12:13:56
4019,81,0.1801,0.2898,6.250000e-05,2026-09-25T12:13:58
4020,81,0.1799,0.2947,6.250000e-05,2026-09-25T12:14:00
4021,81,0.1771,0.2970,6.250000e-05,2026-09-25T12:14:02
4022,81,0.1836,0.3018,6.250000e-05,2026-09-25T12:14:04
4023,81,0.1857,0.2913,6.250000e-05,2026-09-25T12:14:06
4024,81,0.1825,0.3043,6.250000e-05,2026-09-25T12:14:08
4025,81,0.1790,0.3013,6.250000e-05,2026-09-25T12:14:10
4026,81,0.1849,0.2954,6.250000e-05,2026-09-25T12:14:12
4027,81,0.1827,0.3006,6.250000e-05,2026-09-25T12:14:14
4028,81,0.1812,0.2962,6.250000e-05,2026-09-25T12:14:16
4029,81,0.1780,0.3064,6.250000e-05,2026-09-25T12:14:18
4030,81,0.1864,0.3033,6.250000e-05,2026-09-25T12:14:20
4031,81,0.1762,0.2952,6.250000e-05,2026-09-25T12:14:22
4032,81,0.1765,0.3032,6.250000e-05,2026-09-25T12:14:24
4033,81,0.1795,0.2967,6.250000e-05,2026-09-25T12:14:26
4034,81,0.1826,0.2960,6.250000e-05,2026-09-25T12:14:28
4035,81,0.1827,0.2903,6.250000e-05,2026-09-25T12:14:30
4036,81,0.1807,0.3054,6.250000e-05,2026-09-25T12:14:32
4037,81,0.1861,0.3064,6.250000e-05,2026-09-25T12:14:34
4038,81,0.1853,0.3050,6.250000e-05,2026-09-25T12:14:36
4039,81,0.1840,0.2941,6.250000e-05,2026-09-25T12:14:38
4040,81,0.1781,0.2914,6.250000e-05,2026-09-25T12:14:40
4041,81,0.1817,0.2990,6.250000e-05,2026-09-25T12:14:42
4042,81,0.1853,0.2978,6.250000e-05,2026-09-25T12:14:44
4043,81,0.1774,0.3030,6.250000e-05,2026-09-25T12:14:46
4044,81,0.1793,0.3008,6.250000e-05,2026-09-25T12:14:48
4045,81,0.1820,0.3044,6.250000e-05,2026-09-25T12:14:50
4046,81,0.1778,0.2968,6.250000e-05,2026-09-25T12:14:52
4047,81,0.1773,0.3006,6.250000e-05,2026-09-25T12:14:54
4048,81,0.1786,0.2926,6.250000e-05,2026-09-25T12:14:56
4049,81,0.1842,0.3006,6.250000e-05,2026-09-25T12:14:58
4050,81,0.1770,0.2966,6.250000e-05,2026-09-25T12:15:00
4051,82,0.1838,0.2917,6.250000e-05,2026-09-25T12:15:02
4052,82,0.1861,0.3049,6.250000e-05,2026-09-25T12:15:04
4053,82,0.1843,0.2927,6.250000e-05,2026-09-25T12:15:06
4054,82,0.1788,0.2973,6.250000e-05,2026-09-25T12:15:08
4055,82,0.1858,0.2910,6.250000e-05,2026-09-25T12:15:10
4056,82,0.1775,0.2984,6.250000e-05,2026-09-25T12:15:12
4057,82,0.1839,0.2904,6.250000e-05,2026-09-25T12:15:14
4058,82,0.1835,0.3044,6.250000e-05,2026-09-25T12:15:16
4059,82,0.1861,0.3025,6.250000e-05,2026-09-25T12:15:18
4060,82,0.1825,0.3003,6.250000e-05,2026-09-25T12:15:20
4061,82,0.1801,0.3016,6.250000e-05,2026-09-25T12:15:22
4062,82,0.1840,0.2956,6.250000e-05,2026-09-25T12:15:24
4063,82,0.1830,0.2988,6.250000e-05,2026-09-25T12:15:26
4064,82,0.1853,0.3032,6.250000e-05,2026-09-25T12:15:28
4065,82,0.1784,0.2909,6.250000e-05,2026-09-25T12:15:30
4066,82,0.1769,0.2904,6.250000e-05,2026-09-25T12:15:32
4067,82,0.1841,0.3055,6.250000e-05,2026-09-25T12:15:34
4068,82,0.1841,0.2909,6.250000e-05,2026-09-25T12:15:36
4069,82,0.1800,0.3040,6.250000e-05,2026-09-25T12:15:38
4070,82,0.1864,0.2991,6.250000e-05,2026-09-25T12:15:40
4071,82,0.1760,0.2899,6.250000e-05,2026-09-25T12:15:42
4072,82,0.1818,0.3039,6.250000e-05,2026-09-25T12:15:44
4073,82,0.1867,0.2945,6.250000e-05,2026-09-25T12:15:46
4074,82,0.1800,0.3009,6.250000e-05,2026-09-25T12:15:48
4075,82,0.1847,0.2981,6.250000e-05,2026-09-25T12:15:50
4076,82,0.1825,0.2928,6.250000e-05,2026-09-25T12:15:52
4077,82,0.1803,0.2984,6.250000e-05,2026-09-25T12:15:54
4078,82,0.1810,0.2914,6.250000e-05,2026-09-25T12:15:56
4079,82,0.1863,0.3038,6.250000e-05,2026-09-25T12:15:58
4080,82,0.1814,0.2969,6.250000e-05,2026-09-25T12:16:00
4081,82,0.1825,0.2914,6.250000e-05,2026-09-25T12:16:02
4082,82,0.1832,0.3031,6.250000e-05,2026-09-25T12:16:04
4083,82,0.1836,0.2995,6.250000e-05,2026-09-25T12:16:06
4084,82,0.1794,0.3065,6.250000e-05,2026-09-25T12:16:08
4085,82,0.1773,0.3066,6.250000e-05,2026-09-25T12:16:10
4086,82,0.1837,0.2973,6.250000e-05,2026-09-25T12:16:12
4087,82,0.1850,0.2976,6.250000e-05,2026-09-25T12:16:14
4088,82,0.1837,0.2955,6.250000e-05,2026-09-25T12:16:16
4089,82,0.1867,0.2948,6.250000e-05,2026-09-25T12:16:18
4090,82,0.1850,0.2926,6.250000e-05,2026-09-25T12:16:20
4091,82,0.1840,0.3033,6.250000e-05,2026-09-25T12:16:22
4092,82,0.1836,0.2897,6.250000e-05,2026-09-25T12:16:24
4093,82,0.1854,0.2920,6.250000e-05,2026-09-25T12:16:26
4094,82,0.1813,0.2958,6.250000e-05,2026-09-25T12:16:28
4095,82,0.1867,0.3006,6.250000e-05,2026-09-25T12:16:30
4096,82,0.1852,0.3065,6.250000e-05,2026-09-25T12:16:32
4097,82,0.1820,0.2948,6.250000e-05,2026-09-25T12:16:34
4098,82,0.1834,0.3065,6.250000e-05,2026-09-25T12:16:36
4099,82,0.1842,0.2958,6.250000e-05,2026-09-25T12:16:38
4100,82,0.1817,0.2939,6.250000e-05,2026-09-25T12:16:40
4101,83,0.1836,0.2923,6.250000e-05,2026-09-25T12:16:42
4102,83,0.1853,0.2958,6.250000e-05,2026-09-25T12:16:44
4103,83,0.1774,0.3022,6.250000e-05,2026-09-25T12:16:46
4104,83,0.1823,0.3032,6.250000e-05,2026-09-25T12:16:48
4105,83,0.1852,0.3015,6.250000e-05,2026-09-25T12:16:50
4106,83,0.1810,0.2917,6.250000e-05,2026-09-25T12:16:52
4107,83,0.1775,0.3012,6.250000e-05,2026-09-25T12:16:54
4108,83,0.1792,0.2914,6.250000e-05,2026-09-25T12:16:56
4109,83,0.1784,0.3022,6.250000e-05,2026-09-25T12:16:58
4110,83,0.1840,0.2890,6.250000e-05,2026-09-25T12:17:00
4111,83,0.1839,0.2991,6.250000e-05,2026-09-25T12:17:02
4112,83,0.1834,0.3065,6.250000e-05,2026-09-25T12:17:04
4113,83,0.1776,0.3058,6.250000e-05,2026-09-25T12:17:06
4114,83,0.1806,0.3038,6.250000e-05,2026-09-25T12:17:08
4115,83,0.1861,0.2905,6.250000e-05,2026-09-25T12:17:10
4116,83,0.1866,0.2920,6.250000e-05,2026-09-25T12:17:12
4117,83,0.1766,0.3063,6.250000e-05,2026-09-25T12:17:14
4118,83,0.1831,0.2994,6.250000e-05,2026-09-25T12:17:16
4119,83,0.1865,0.3000,6.250000e-05,2026-09-25T12:17:18
4120,83,0.1804,0.2894,6.250000e-05,2026-09-25T12:17:20
4121,83,0.1786,0.2975,6.250000e-05,2026-09-25T12:17:22
4122,83,0.1835,0.3059,6.250000e-05,2026-09-25T12:17:24
4123,83,0.1831,0.2955,6.250000e-05,2026-09-25T12:17:26
4124,83,0.1835,0.3030,6.250000e-05,2026-09-25T12:17:28
4125,83,0.1832,0.3027,6.250000e-05,2026-09-25T12:17:30
4126,83,0.1854,0.3004,6.250000e-05,2026-09-25T12:17:32
4127,83,0.1790,0.3005,6.250000e-05,2026-09-25T12:17:34
4128,83,0.1800,0.2909,6.250000e-05,2026-09-25T12:17:36
4129,83,0.1769,0.2975,6.250000e-05,2026-09-25T12:17:38
4130,83,0.1833,0.2979,6.250000e-05,2026-09-25T12:17:40
4131,83,0.1762,0.2990,6.250000e-05,2026-09-25T12:17:42
4132,83,0.1822,0.2937,6.250000e-05,2026-09-25T12:17:44
4133,83,0.1841,0.3030,6.250000e-05,2026-09-25T12:17:46
4134,83,0.1780,0.2975,6.250000e-05,2026-09-25T12:17:48
4135,83,0.1830,0.2966,6.250000e-05,2026-09-25T12:17:50
4136,83,0.1822,0.2906,6.250000e-05,2026-09-25T12:17:52
4137,83,0.1767,0.3050,6.250000e-05,2026-09-25T12:17:54
4138,83,0.1846,0.2921,6.250000e-05,2026-09-25T12:17:56
4139,83,0.1848,0.2892,6.250000e-05,2026-09-25T12:17:58
4140,83,0.1820,0.2984,6.250000e-05,2026-09-25T12:18:00
4141,83,0.1848,0.2975,6.250000e-05,2026-09-25T12:18:02
4142,83,0.1816,0.2993,6.250000e-05,2026-09-25T12:18:04
4143,83,0.1838,0.3029,6.250000e-05,2026-09-25T12:18:06
4144,83,0.1773,0.3023,6.250000e-05,2026-09-25T12:18:08
4145,83,0.1865,0.3048,6.250000e-05,2026-09-25T12:18:10
4146,83,0.1780,0.2995,6.250000e-05,2026-09-25T12:18:12
4147,83,0.1780,0.2987,6.250000e-05,2026-09-25T12:18:14
4148,83,0.1847,0.2910,6.250000e-05,2026-09-25T12:18:16
4149,83,0.1774,0.2925,6.250000e-05,2026-09-25T12:18:18
4150,83,0.1777,0.2989,6.250000e-05,2026-09-25T12:18:20
4151,84,0.1853,0.2894,6.250000e-05,2026-09-25T12:18:22
4152,84,0.1867,0.2978,6.250000e-05,2026-09-25T12:18:24
4153,84,0.1800,0.2985,6.250000e-05,2026-09-25T12:18:26
4154,84,0.1806,0.3057,6.250000e-05,2026-09-25T12:18:28
4155,84,0.1760,0.2942,6.250000e-05,2026-09-25T12:18:30
4156,84,0.1863,0.2981,6.250000e-05,2026-09-25T12:18:32
4157,84,0.1845,0.3006,6.250000e-05,2026-09-25T12:18:34
4158,84,0.1808,0.2991,6.250000e-05,2026-09-25T12:18:36
4159,84,0.1836,0.2981,6.250000e-05,2026-09-25T12:18:38
4160,84,0.1867,0.2951,6.250000e-05,2026-09-25T12:18:40
4161,84,0.1819,0.2926,6.250000e-05,2026-09-25T12:18:42
4162,84,0.1771,0.3034,6.250000e-05,2026-09-25T12:18:44
4163,84,0.1786,0.2922,6.250000e-05,2026-09-25T12:18:46
4164,84,0.1793,0.3037,6.250000e-05,2026-09-25T12:18:48
4165,84,0.1864,0.2996,6.250000e-05,2026-09-25T12:18:50
4166,84,0.1783,0.2952,6.250000e-05,2026-09-25T12:18:52
4167,84,0.1774,0.2999,6.250000e-05,2026-09-25T12:18:54
4168,84,0.1768,0.2934,6.250000e-05,2026-09-25T12:18:56
4169,84,0.1801,0.3049,6.250000e-05,2026-09-25T12:18:58
4170,84,0.1803,0.2903,6.250000e-05,2026-09-25T12:19:00
4171,84,0.1788,0.2964,6.250000e-05,2026-09-25T12:19:02
4172,84,0.1836,0.2984,6.250000e-05,2026-09-25T12:19:04
4173,84,0.1768,0.3019,6.250000e-05,2026-09-25T12:19:06
4174,84,0.1868,0.3013,6.250000e-05,2026-09-25T12:19:08
4175,84,0.1781,0.2955,6.250000e-05,2026-09-25T12:19:10
4176,84,0.1831,0.3035,6.250000e-05,2026-09-25T12:19:12
4177,84,0.1826,0.2963,6.250000e-05,2026-09-25T12:19:14
4178,84,0.1777,0.3065,6.250000e-05,2026-09-25T12:19:16
4179,84,0.1807,0.2893,6.250000e-05,2026-09-25T12:19:18
4180,84,0.1826,0.2902,6.250000e-05,2026-09-25T12:19:20
4181,84,0.1773,0.2908,6.250000e-05,2026-09-25T12:19:22
4182,84,0.1820,0.2900,6.250000e-05,2026-09-25T12:19:24
4183,84,0.1830,0.2953,6.250000e-05,2026-09-25T12:19:26
4184,84,0.1796,0.2937,6.250000e-05,2026-09-25T12:19:28
4185,84,0.1855,0.2928,6.250000e-05,2026-09-25T12:19:30
4186,84,0.1761,0.2955,6.250000e-05,2026-09-25T12:19:32
4187,84,0.1865,0.2956,6.250000e-05,2026-09-25T12:19:34
4188,84,0.1771,0.3053,6.250000e-05,2026-09-25T12:19:36
4189,84,0.1779,0.3018,6.250000e-05,2026-09-25T12:19:38
4190,84,0.1793,0.3035,6.250000e-05,2026-09-25T12:19:40
4191,84,0.1813,0.2983,6.250000e-05,2026-09-25T12:19:42
4192,84,0.1836,0.3043,6.250000e-05,2026-09-25T12:19:44
4193,84,0.1820,0.2997,6.250000e-05,2026-09-25T12:19:46
4194,84,0.1858,0.2919,6.250000e-05,2026-09-25T12:19:48
4195,84,0.1863,0.2958,6.250000e-05,2026-09-25T12:19:50
4196,84,0.1798,0.3020,6.250000e-05,2026-09-25T12:19:52
4197,84,0.1865,0.2983,6.250000e-05,2026-09-25T12:19:54
4198,84,0.1825,0.3040,6.250000e-05,2026-09-25T12:19:56
4199,84,0.1812,0.2911,6.250000e-05,2026-09-25T12:19:58
4200,84,0.1761,0.2980,6.250000e-05,2026-09-25T12:20:00
4201,85,0.1777,0.2911,6.250000e-05,2026-09-25T12:20:02
4202,85,0.1801,0.3019,6.250000e-05,2026-09-25T12:20:04
4203,85,0.1766,0.3018,6.250000e-05,2026-09-25T12:20:06
4204,85,0.1866,0.3014,6.250000e-05,2026-09-25T12:20:08
4205,85,0.1787,0.2997,6.250000e-05,2026-09-25T12:20:10
4206,85,0.1837,0.2921,6.250000e-05,2026-09-25T12:20:12
4207,85,0.1867,0.3031,6.250000e-05,2026-09-25T12:20:14
4208,85,0.1815,0.2937,6.250000e-05,2026-09-25T12:20:16
4209,85,0.1806,0.3056,6.250000e-05,2026-09-25T12:20:18
4210,85,0.1856,0.3033,6.250000e-05,2026-09-25T12:20:20
4211,85,0.1793,0.3041,6.250000e-05,2026-09-25T12:20:22
4212,85,0.1863,0.2961,6.250000e-05,2026-09-25T12:20:24
4213,85,0.1794,0.2904,6.250000e-05,2026-09-25T12:20:26
4214,85,0.1769,0.3018,6.250000e-05,2026-09-25T12:20:28
4215,85,0.1863,0.2918,6.250000e-05,2026-09-25T12:20:30
4216,85,0.1766,0.3021,6.250000e-05,2026-09-25T12:20:32
4217,85,0.1820,0.2976,6.250000e-05,2026-09-25T12:20:34
4218,85,0.1855,0.3060,6.250000e-05,2026-09-25T12:20:36
4219,85,0.1806,0.2979,6.250000e-05,2026-09-25T12:20:38
4220,85,0.1839,0.2974,6.250000e-05,2026-09-25T12:20:40
4221,85,0.1816,0.3066,6.250000e-05,2026-09-25T12:20:42
4222,85,0.1857,0.3013,6.250000e-05,2026-09-25T12:20:44
4223,85,0.1804,0.2998,6.250000e-05,2026-09-25T12:20:46
4224,85,0.1859,0.3021,6.250000e-05,2026-09-25T12:20:48
4225,85,0.1838,0.3014,6.250000e-05,2026-09-25T12:20:50
4226,85,0.1842,0.2932,6.250000e-05,2026-09-25T12:20:52
4227,85,0.1840,0.3058,6.250000e-05,2026-09-25T12:20:54
4228,85,0.1850,0.3045,6.250000e-05,2026-09-25T12:20:56
4229,85,0.1817,0.2997,6.250000e-05,2026-09-25T12:20:58
4230,85,0.1826,0.3060,6.250000e-05,2026-09-25T12:21:00
4231,85,0.1833,0.3046,6.250000e-05,2026-09-25T12:21:02
4232,85,0.1817,0.2928,6.250000e-05,2026-09-25T12:21:04
4233,85,0.1768,0.3038,6.250000e-05,2026-09-25T12:21:06
4234,85,0.1816,0.3058,6.250000e-05,2026-09-25T12:21:08
4235,85,0.1806,0.2956,6.250000e-05,2026-09-25T12:21:10
4236,85,0.1801,0.2908,6.250000e-05,2026-09-25T12:21:12
4237,85,0.1859,0.2933,6.250000e-05,2026-09-25T12:21:14
4238,85,0.1819,0.3025,6.250000e-05,2026-09-25T12:21:16
4239,85,0.1773,0.2942,6.250000e-05,2026-09-25T12:21:18
4240,85,0.1792,0.2926,6.250000e-05,2026-09-25T12:21:20
4241,85,0.1840,0.2990,6.250000e-05,2026-09-25T12:21:22
4242,85,0.1784,0.2943,6.250000e-05,2026-09-25T12:21:24
4243,85,0.1862,0.3003,6.250000e-05,2026-09-25T12:21:26
4244,85,0.1850,0.2894,6.250000e-05,2026-09-25T12:21:28
4245,85,0.1810,0.2998,6.250000e-05,2026-09-25T12:21:30
4246,85,0.1813,0.2952,6.250000e-05,2026-09-25T12:21:32
4247,85,0.1827,0.2947,6.250000e-05,2026-09-25T12:21:34
4248,85,0.1798,0.2889,6.250000e-05,2026-09-25T12:21:36
4249,85,0.1857,0.2921,6.250000e-05,2026-09-25T12:21:38
4250,85,0.1799,0.2906,6.250000e-05,2026-09-25T12:21:40
4251,86,0.1813,0.2903,6.250000e-05,2026-09-25T12:21:42
4252,86,0.1816,0.2916,6.250000e-05,2026-09-25T12:21:44
4253,86,0.1773,0.2975,6.250000e-05,2026-09-25T12:21:46
4254,86,0.1777,0.3005,6.250000e-05,2026-09-25T12:21:48
4255,86,0.1785,0.2959,6.250000e-05,2026-09-25T12:21:50
4256,86,0.1793,0.2965,6.250000e-05,2026-09-25T12:21:52
4257,86,0.1780,0.3033,6.250000e-05,2026-09-25T12:21:54
4258,86,0.1772,0.2966,6.250000e-05,2026-09-25T12:21:56
4259,86,0.1851,0.2917,6.250000e-05,2026-09-25T12:21:58
4260,86,0.1798,0.2966,6.250000e-05,2026-09-25T12:22:00
4261,86,0.1799,0.3044,6.250000e-05,2026-09-25T12:22:02
4262,86,0.1782,0.2922,6.250000e-05,2026-09-25T12:22:04
4263,86,0.1764,0.2959,6.250000e-05,2026-09-25T12:22:06
4264,86,0.1841,0.3049,6.250000e-05,2026-09-25T12:22:08
4265,86,0.1777,0.2924,6.250000e-05,2026-09-25T12:22:10
4266,86,0.1812,0.3007,6.250000e-05,2026-09-25T12:22:12
4267,86,0.1789,0.2963,6.250000e-05,2026-09-25T12:22:14
4268,86,0.1820,0.3031,6.250000e-05,2026-09-25T12:22:16
4269,86,0.1838,0.2946,6.250000e-05,2026-09-25T12:22:18
4270,86,0.1843,0.3046,6.250000e-05,2026-09-25T12:22:20
4271,86,0.1815,0.3053,6.250000e-05,2026-09-25T12:22:22
4272,86,0.1852,0.2958,6.250000e-05,2026-09-25T12:22:24
4273,86,0.1772,0.2907,6.250000e-05,2026-09-25T12:22:26
4274,86,0.1762,0.2916,6.250000e-05,2026-09-25T12:22:28
4275,86,0.1814,0.3025,6.250000e-05,2026-09-25T12:22:30
4276,86,0.1786,0.3009,6.250000e-05,2026-09-25T12:22:32
4277,86,0.1797,0.3062,6.250000e-05,2026-09-25T12:22:34
4278,86,0.1840,0.2966,6.250000e-05,2026-09-25T12:22:36
4279,86,0.1791,0.2975,6.250000e-05,2026-09-25T12:22:38
4280,86,0.1843,0.2932,6.250000e-05,2026-09-25T12:22:40
4281,86,0.1777,0.2979,6.250000e-05,2026-09-25T12:22:42
4282,86,0.1787,0.3025,6.250000e-05,2026-09-25T12:22:44
4283,86,0.1854,0.3066,6.250000e-05,2026-09-25T12:22:46
4284,86,0.1787,0.3035,6.250000e-05,2026-09-25T12:22:48
4285,86,0.1782,0.3014,6.250000e-05,2026-09-25T12:22:50
4286,86,0.1848,0.3013,6.250000e-05,2026-09-25T12:22:52
4287,86,0.1815,0.2920,6.250000e-05,2026-09-25T12:22:54
4288,86,0.1868,0.2994,6.250000e-05,2026-09-25T12:22:56
4289,86,0.1829,0.2929,6.250000e-05,2026-09-25T12:22:58
4290,86,0.1774,0.2895,6.250000e-05,2026-09-25T12:23:00
4291,86,0.1868,0.3054,6.250000e-05,2026-09-25T12:23:02
4292,86,0.1806,0.2998,6.250000e-05,2026-09-25T12:23:04
4293,86,0.1770,0.2897,6.250000e-05,2026-09-25T12:23:06
4294,86,0.1804,0.2943,6.250000e-05,2026-09-25T12:23:08
4295,86,0.1829,0.2929,6.250000e-05,2026-09-25T12:23:10
4296,86,0.1797,0.2974,6.250000e-05,2026-09-25T12:23:12
4297,86,0.1815,0.3003,6.250000e-05,2026-09-25T12:23:14
4298,86,0.1793,0.2936,6.250000e-05,2026-09-25T12:23:16
4299,86,0.1790,0.2951,6.250000e-05,2026-09-25T12:23:18
4300,86,0.1805,0.2945,6.250000e-05,2026-09-25T12:23:20
4301,87,0.1765,0.2895,6.250000e-05,2026-09-25T12:23:22
4302,87,0.1766,0.3021,6.250000e-05,2026-09-25T12:23:24
4303,87,0.1783,0.2972,6.250000e-05,2026-09-25T12:23:26
4304,87,0.1859,0.2906,6.250000e-05,2026-09-25T12:23:28
4305,87,0.1780,0.3057,6.250000e-05,2026-09-25T12:23:30
4306,87,0.1800,0.2942,6.250000e-05,2026-09-25T12:23:32
4307,87,0.1770,0.2890,6.250000e-05,2026-09-25T12:23:34
4308,87,0.1820,0.3042,6.250000e-05,2026-09-25T12:23:36
4309,87,0.1796,0.3020,6.250000e-05,2026-09-25T12:23:38
4310,87,0.1799,0.3027,6.250000e-05,2026-09-25T12:23:40
4311,87,0.1818,0.2954,6.250000e-05,2026-09-25T12:23:42
4312,87,0.1831,0.2926,6.250000e-05,2026-09-25T12:23:44
4313,87,0.1802,0.3047,6.250000e-05,2026-09-25T12:23:46
4314,87,0.1774,0.3021,6.250000e-05,2026-09-25T12:23:48
4315,87,0.1773,0.2993,6.250000e-05,2026-09-25T12:23:50
4316,87,0.1859,0.3005,6.250000e-05,2026-09-25T12:23:52
4317,87,0.1781,0.3014,6.250000e-05,2026-09-25T12:23:54
4318,87,0.1861,0.2901,6.250000e-05,2026-09-25T12:23:56
4319,87,0.1819,0.2949,6.250000e-05,2026-09-25T12:23:58
4320,87,0.1839,0.3065,6.250000e-05,2026-09-25T12:24:00
4321,87,0.1782,0.3017,6.250000e-05,2026-09-25T12:24:02
4322,87,0.1765,0.2922,6.250000e-05,2026-09-25T12:24:04
4323,87,0.1820,0.2933,6.250000e-05,2026-09-25T12:24:06
4324,87,0.1855,0.3041,6.250000e-05,2026-09-25T12:24:08
4325,87,0.1859,0.3062,6.250000e-05,2026-09-25T12:24:10
4326,87,0.1857,0.2968,6.250000e-05,2026-09-25T12:24:12
4327,87,0.1838,0.3051,6.250000e-05,2026-09-25T12:24:14
4328,87,0.1767,0.2963,6.250000e-05,2026-09-25T12:24:16
4329,87,0.1861,0.2978,6.250000e-05,2026-09-25T12:24:18
4330,87,0.1762,0.2995,6.250000e-05,2026-09-25T12:24:20
4331,87,0.1836,0.2911,6.250000e-05,2026-09-25T12:24:22
4332,87,0.1765,0.2989,6.250000e-05,2026-09-25T12:24:24
4333,87,0.1846,0.3012,6.250000e-05,2026-09-25T12:24:26
4334,87,0.1841,0.2959,6.250000e-05,2026-09-25T12:24:28
4335,87,0.1834,0.3044,6.250000e-05,2026-09-25T12:24:30
4336,87,0.1866,0.2918,6.250000e-05,2026-09-25T12:24:32
4337,87,0.1842,0.2957,6.250000e-05,2026-09-25T12:24:34
4338,87,0.1845,0.2960,6.250000e-05,2026-09-25T12:24:36
4339,87,0.1789,0.2921,6.250000e-05,2026-09-25T12:24:38
4340,87,0.1777,0.2927,6.250000e-05,2026-09-25T12:24:40
4341,87,0.1836,0.3045,6.250000e-05,2026-09-25T12:24:42
4342,87,0.1846,0.2969,6.250000e-05,2026-09-25T12:24:44
4343,87,0.1837,0.2982,6.250000e-05,2026-09-25T12:24:46
4344,87,0.1793,0.2927,6.250000e-05,2026-09-25T12:24:48
4345,87,0.1837,0.2987,6.250000e-05,2026-09-25T12:24:50
4346,87,0.1779,0.2896,6.250000e-05,2026-09-25T12:24:52
4347,87,0.1786,0.2895,6.250000e-05,2026-09-25T12:24:54
4348,87,0.1776,0.3046,6.250000e-05,2026-09-25T12:24:56
4349,87,0.1861,0.2936,6.250000e-05,2026-09-25T12:24:58
4350,87,0.1846,0.3003,6.250000e-05,2026-09-25T12:25:00
4351,88,0.1787,0.3035,6.250000e-05,2026-09-25T12:25:02
4352,88,0.1818,0.2888,6.250000e-05,2026-09-25T12:25:04
4353,88,0.1798,0.2996,6.250000e-05,2026-09-25T12:25:06
4354,88,0.1800,0.2903,6.250000e-05,2026-09-25T12:25:08
4355,88,0.1837,0.2986,6.250000e-05,2026-09-25T12:25:10
4356,88,0.1839,0.2961,6.250000e-05,2026-09-25T12:25:12
4357,88,0.1826,0.2946,6.250000e-05,2026-09-25T12:25:14
4358,88,0.1766,0.3034,6.250000e-05,2026-09-25T12:25:16
4359,88,0.1850,0.2927,6.250000e-05,2026-09-25T12:25:18
4360,88,0.1865,0.2920,6.250000e-05,2026-09-25T12:25:20
4361,88,0.1866,0.2984,6.250000e-05,2026-09-25T12:25:22
4362,88,0.1866,0.3027,6.250000e-05,2026-09-25T12:25:24
4363,88,0.1845,0.2907,6.250000e-05,2026-09-25T12:25:26
4364,88,0.1841,0.2956,6.250000e-05,2026-09-25T12:25:28
4365,88,0.1831,0.3043,6.250000e-05,2026-09-25T12:25:30
4366,88,0.1829,0.2986,6.250000e-05,2026-09-25T12:25:32
4367,88,0.1849,0.2927,6.250000e-05,2026-09-25T12:25:34
4368,88,0.1789,0.2992,6.250000e-05,2026-09-25T12:25:36
4369,88,0.1848,0.3023,6.250000e-05,2026-09-25T12:25:38
4370,88,0.1777,0.2929,6.250000e-05,2026-09-25T12:25:40
4371,88,0.1839,0.2954,6.250000e-05,2026-09-25T12:25:42
4372,88,0.1858,0.2905,6.250000e-05,2026-09-25T12:25:44
4373,88,0.1780,0.2921,6.250000e-05,2026-09-25T12:25:46
4374,88,0.1854,0.2922,6.250000e-05,2026-09-25T12:25:48
4375,88,0.1813,0.3018,6.250000e-05,2026-09-25T12:25:50
4376,88,0.1830,0.2892,6.250000e-05,2026-09-25T12:25:52
4377,88,0.1778,0.2920,6.250000e-05,2026-09-25T12:25:54
4378,88,0.1803,0.2997,6.250000e-05,2026-09-25T12:25:56
4379,88,0.1767,0.2901,6.250000e-05,2026-09-25T12:25:58
4380,88,0.1787,0.3050,6.250000e-05,2026-09-25T12:26:00
4381,88,0.1866,0.2906,6.250000e-05,2026-09-25T12:26:02
4382,88,0.1817,0.3018,6.250000e-05,2026-09-25T12:26:04
4383,88,0.1848,0.2996,6.250000e-05,2026-09-25T12:26:06
4384,88,0.1801,0.2892,6.250000e-05,2026-09-25T12:26:08
4385,88,0.1850,0.3024,6.250000e-05,2026-09-25T12:26:10
4386,88,0.1830,0.2896,6.250000e-05,2026-09-25T12:26:12
4387,88,0.1787,0.2903,6.250000e-05,2026-09-25T12:26:14
4388,88,0.1775,0.3000,6.250000e-05,2026-09-25T12:26:16
4389,88,0.1761,0.3061,6.250000e-05,2026-09-25T12:26:18
4390,88,0.1864,0.2907,6.250000e-05,2026-09-25T12:26:20
4391,88,0.1840,0.2949,6.250000e-05,2026-09-25T12:26:22
4392,88,0.1837,0.2924,6.250000e-05,2026-09-25T12:26:24
4393,88,0.1812,0.2989,6.250000e-05,2026-09-25T12:26:26
4394,88,0.1808,0.2917,6.250000e-05,2026-09-25T12:26:28
4395,88,0.1796,0.2916,6.250000e-05,2026-09-25T12:26:30
4396,88,0.1766,0.3012,6.250000e-05,2026-09-25T12:26:32
4397,88,0.1828,0.2910,6.250000e-05,2026-09-25T12:26:34
4398,88,0.1850,0.2906,6.250000e-05,2026-09-25T12:26:36
4399,88,0.1792,0.2979,6.250000e-05,2026-09-25T12:26:38
4400,88,0.1851,0.2913,6.250000e-05,2026-09-25T12:26:40
4401,89,0.1859,0.2892,6.250000e-05,2026-09-25T12:26:42
4402,89,0.1806,0.2914,6.250000e-05,2026-09-25T12:26:44
4403,89,0.1831,0.2928,6.250000e-05,2026-09-25T12:26:46
4404,89,0.1856,0.2957,6.250000e-05,2026-09-25T12:26:48
4405,89,0.1856,0.3035,6.250000e-05,2026-09-25T12:26:50
4406,89,0.1772,0.2918,6.250000e-05,2026-09-25T12:26:52
4407,89,0.1772,0.2906,6.250000e-05,2026-09-25T12:26:54
4408,89,0.1864,0.2952,6.250000e-05,2026-09-25T12:26:56
4409,89,0.1827,0.2909,6.250000e-05,2026-09-25T12:26:58
4410,89,0.1860,0.3052,6.250000e-05,2026-09-25T12:27:00
4411,89,0.1857,0.2996,6.250000e-05,2026-09-25T12:27:02
4412,89,0.1779,0.2983,6.250000e-05,2026-09-25T12:27:04
4413,89,0.1825,0.3009,6.250000e-05,2026-09-25T12:27:06
4414,89,0.1776,0.3007,6.250000e-05,2026-09-25T12:27:08
4415,89,0.1793,0.3034,6.250000e-05,2026-09-25T12:27:10
4416,89,0.1798,0.2907,6.250000e-05,2026-09-25T12:27:12
4417,89,0.1860,0.3006,6.250000e-05,2026-09-25T12:27:14
4418,89,0.1861,0.3033,6.250000e-05,2026-09-25T12:27:16
4419,89,0.1837,0.2902,6.250000e-05,2026-09-25T12:27:18
4420,89,0.1760,0.3055,6.250000e-05,2026-09-25T12:27:20
4421,89,0.1776,0.3005,6.250000e-05,2026-09-25T12:27:22
4422,89,0.1795,0.2958,6.250000e-05,2026-09-25T12:27:24
4423,89,0.1838,0.3028,6.250000e-05,2026-09-25T12:27:26
4424,89,0.1812,0.2900,6.250000e-05,2026-09-25T12:27:28
4425,89,0.1823,0.3059,6.250000e-05,2026-09-25T12:27:30
4426,89,0.1790,0.2904,6.250000e-05,2026-09-25T12:27:32
4427,89,0.1868,0.2921,6.250000e-05,2026-09-25T12:27:34
4428,89,0.1802,0.2945,6.250000e-05,2026-09-25T12:27:36
4429,89,0.1806,0.3012,6.250000e-05,2026-09-25T12:27:38
4430,89,0.1805,0.3030,6.250000e-05,2026-09-25T12:27:40
4431,89,0.1796,0.3031,6.250000e-05,2026-09-25T12:27:42
4432,89,0.1831,0.2932,6.250000e-05,2026-09-25T12:27:44
4433,89,0.1806,0.2977,6.250000e-05,2026-09-25T12:27:46
4434,89,0.1818,0.2983,6.250000e-05,2026-09-25T12:27:48
4435,89,0.1849,0.2957,6.250000e-05,2026-09-25T12:27:50
4436,89,0.1823,0.2963,6.250000e-05,2026-09-25T12:27:52
4437,89,0.1823,0.3012,6.250000e-05,2026-09-25T12:27:54
4438,89,0.1841,0.3014,6.250000e-05,2026-09-25T12:27:56
4439,89,0.1786,0.2889,6.250000e-05,2026-09-25T12:27:58
4440,89,0.1868,0.2891,6.250000e-05,2026-09-25T12:28:00
4441,89,0.1821,0.3059,6.250000e-05,2026-09-25T12:28:02
4442,89,0.1860,0.2899,6.250000e-05,2026-09-25T12:28:04
4443,89,0.1798,0.3040,6.250000e-05,2026-09-25T12:28:06
4444,89,0.1854,0.3034,6.250000e-05,2026-09-25T12:28:08
4445,89,0.1792,0.2914,6.250000e-05,2026-09-25T12:28:10
4446,89,0.1853,0.3062,6.250000e-05,2026-09-25T12:28:12
4447,89,0.1859,0.2931,6.250000e-05,2026-09-25T12:28:14
4448,89,0.1850,0.2898,6.250000e-05,2026-09-25T12:28:16
4449,89,0.1775,0.3060,6.250000e-05,2026-09-25T12:28:18
4450,89,0.1837,0.2955,6.250000e-05,2026-09-25T12:28:20
4451,90,0.1763,0.3060,6.250000e-05,2026-09-25T12:28:22
4452,90,0.1800,0.3013,6.250000e-05,2026-09-25T12:28:24
4453,90,0.1832,0.2901,6.250000e-05,2026-09-25T12:28:26
4454,90,0.1851,0.3044,6.250000e-05,2026-09-25T12:28:28
4455,90,0.1763,0.2953,6.250000e-05,2026-09-25T12:28:30
4456,90,0.1769,0.2902,6.250000e-05,2026-09-25T12:28:32
4457,90,0.1822,0.3033,6.250000e-05,2026-09-25T12:28:34
4458,90,0.1776,0.2921,6.250000e-05,2026-09-25T12:28:36
4459,90,0.1841,0.3022,6.250000e-05,2026-09-25T12:28:38
4460,90,0.1836,0.2942,6.250000e-05,2026-09-25T12:28:40
4461,90,0.1805,0.2948,6.250000e-05,2026-09-25T12:28:42
4462,90,0.1845,0.3012,6.250000e-05,2026-09-25T12:28:44
4463,90,0.1791,0.2916,6.250000e-05,2026-09-25T12:28:46
4464,90,0.1856,0.2894,6.250000e-05,2026-09-25T12:28:48
4465,90,0.1842,0.2978,6.250000e-05,2026-09-25T12:28:50
4466,90,0.1761,0.3037,6.250000e-05,2026-09-25T12:28:52
4467,90,0.1834,0.3045,6.250000e-05,2026-09-25T12:28:54
4468,90,0.1820,0.3036,6.250000e-05,2026-09-25T12:28:56
4469,90,0.1860,0.2978,6.250000e-05,2026-09-25T12:28:58
4470,90,0.1837,0.2964,6.250000e-05,2026-09-25T12:29:00
4471,90,0.1777,0.3062,6.250000e-05,2026-09-25T12:29:02
4472,90,0.1817,0.3063,6.250000e-05,2026-09-25T12:29:04
4473,90,0.1774,0.2926,6.250000e-05,2026-09-25T12:29:06
4474,90,0.1827,0.2927,6.250000e-05,2026-09-25T12:29:08
4475,90,0.1780,0.3021,6.250000e-05,2026-09-25T12:29:10
4476,90,0.1821,0.3038,6.250000e-05,2026-09-25T12:29:12
4477,90,0.1849,0.2972,6.250000e-05,2026-09-25T12:29:14
4478,90,0.1794,0.3003,6.250000e-05,2026-09-25T12:29:16
4479,90,0.1850,0.2917,6.250000e-05,2026-09-25T12:29:18
4480,90,0.1847,0.3004,6.250000e-05,2026-09-25T12:29:20
4481,90,0.1781,0.2907,6.250000e-05,2026-09-25T12:29:22
4482,90,0.1768,0.2996,6.250000e-05,2026-09-25T12:29:24
4483,90,0.1852,0.2893,6.250000e-05,2026-09-25T12:29:26
4484,90,0.1791,0.2985,6.250000e-05,2026-09-25T12:29:28
4485,90,0.1767,0.2995,6.250000e-05,2026-09-25T12:29:30
4486,90,0.1842,0.2943,6.250000e-05,2026-09-25T12:29:32
4487,90,0.1820,0.3002,6.250000e-05,2026-09-25T12:29:34
4488,90,0.1763,0.2936,6.250000e-05,2026-09-25T12:29:36
4489,90,0.1866,0.2989,6.250000e-05,2026-09-25T12:29:38
4490,90,0.1821,0.3029,6.250000e-05,2026-09-25T12:29:40
4491,90,0.1765,0.2944,6.250000e-05,2026-09-25T12:29:42
4492,90,0.1863,0.2890,6.250000e-05,2026-09-25T12:29:44
4493,90,0.1799,0.2939,6.250000e-05,2026-09-25T12:29:46
4494,90,0.1803,0.2923,6.250000e-05,2026-09-25T12:29:48
4495,90,0.1842,0.3018,6.250000e-05,2026-09-25T12:29:50
4496,90,0.1866,0.3014,6.250000e-05,2026-09-25T12:29:52
4497,90,0.1771,0.2961,6.250000e-05,2026-09-25T12:29:54
4498,90,0.1841,0.2906,6.250000e-05,2026-09-25T12:29:56
4499,90,0.1848,0.2915,6.250000e-05,2026-09-25T12:29:58
4500,90,0.1824,0.2956,6.250000e-05,2026-09-25T12:30:00
4501,91,0.1824,0.3040,6.250000e-05,2026-09-25T12:30:02
4502,91,0.1792,0.2915,6.250000e-05,2026-09-25T12:30:04
4503,91,0.1810,0.3046,6.250000e-05,2026-09-25T12:30:06
4504,91,0.1770,0.3016,6.250000e-05,2026-09-25T12:30:08
4505,91,0.1856,0.3032,6.250000e-05,2026-09-25T12:30:10
4506,91,0.1831,0.3025,6.250000e-05,2026-09-25T12:30:12
4507,91,0.1777,0.3060,6.250000e-05,2026-09-25T12:30:14
4508,91,0.1816,0.3018,6.250000e-05,2026-09-25T12:30:16
4509,91,0.1831,0.3054,6.250000e-05,2026-09-25T12:30:18
4510,91,0.1797,0.3028,6.250000e-05,2026-09-25T12:30:20
4511,91,0.1797,0.2952,6.250000e-05,2026-09-25T12:30:22
4512,91,0.1853,0.2965,6.250000e-05,2026-09-25T12:30:24
4513,91,0.1857,0.3026,6.250000e-05,2026-09-25T12:30:26
4514,91,0.1802,0.2925,6.250000e-05,2026-09-25T12:30:28
4515,91,0.1826,0.2901,6.250000e-05,2026-09-25T12:30:30
4516,91,0.1777,0.3000,6.250000e-05,2026-09-25T12:30:32
4517,91,0.1814,0.3032,6.250000e-05,2026-09-25T12:30:34
4518,91,0.1775,0.3044,6.250000e-05,2026-09-25T12:30:36
4519,91,0.1819,0.3061,6.250000e-05,2026-09-25T12:30:38
4520,91,0.1845,0.2904,6.250000e-05,2026-09-25T12:30:40
4521,91,0.1770,0.2944,6.250000e-05,2026-09-25T12:30:42
4522,91,0.1862,0.2917,6.250000e-05,2026-09-25T12:30:44
4523,91,0.1790,0.2953,6.250000e-05,2026-09-25T12:30:46
4524,91,0.1770,0.2920,6.250000e-05,2026-09-25T12:30:48
4525,91,0.1844,0.2934,6.250000e-05,2026-09-25T12:30:50
4526,91,0.1811,0.2934,6.250000e-05,2026-09-25T12:30:52
4527,91,0.1855,0.3004,6.250000e-05,2026-09-25T12:30:54
4528,91,0.1775,0.2910,6.250000e-05,2026-09-25T12:30:56
4529,91,0.1822,0.2895,6.250000e-05,2026-09-25T12:30:58
4530,91,0.1853,0.2960,6.250000e-05,2026-09-25T12:31:00
4531,91,0.1853,0.3052,6.250000e-05,2026-09-25T12:31:02
4532,91,0.1774,0.2954,6.250000e-05,2026-09-25T12:31:04
4533,91,0.1852,0.3058,6.250000e-05,2026-09-25T12:31:06
4534,91,0.1801,0.3010,6.250000e-05,2026-09-25T12:31:08
4535,91,0.1815,0.2935,6.250000e-05,2026-09-25T12:31:10
4536,91,0.1855,0.3010,6.250000e-05,2026-09-25T12:31:12
4537,91,0.1827,0.3003,6.250000e-05,2026-09-25T12:31:14
4538,91,0.1841,0.2932,6.250000e-05,2026-09-25T12:31:16
4539,91,0.1849,0.2889,6.250000e-05,2026-09-25T12:31:18
4540,91,0.1853,0.2940,6.250000e-05,2026-09-25T12:31:20
4541,91,0.1777,0.2959,6.250000e-05,2026-09-25T12:31:22
4542,91,0.1768,0.2957,6.250000e-05,2026-09-25T12:31:24
4543,91,0.1810,0.2905,6.250000e-05,2026-09-25T12:31:26
4544,91,0.1811,0.3003,6.250000e-05,2026-09-25T12:31:28
4545,91,0.1858,0.2971,6.250000e-05,2026-09-25T12:31:30
4546,91,0.1769,0.3019,6.250000e-05,2026-09-25T12:31:32
4547,91,0.1860,0.3053,6.250000e-05,2026-09-25T12:31:34
4548,91,0.1844,0.2924,6.250000e-05,2026-09-25T12:31:36
4549,91,0.1796,0.2945,6.250000e-05,2026-09-25T12:31:38
4550,91,0.1868,0.2975,6.250000e-05,2026-09-25T12:31:40
4551,92,0.1836,0.2973,6.250000e-05,2026-09-25T12:31:42
4552,92,0.1790,0.2895,6.250000e-05,2026-09-25T12:31:44
4553,92,0.1777,0.2972,6.250000e-05,2026-09-25T12:31:46
4554,92,0.1830,0.2945,6.250000e-05,2026-09-25T12:31:48
4555,92,0.1763,0.2995,6.250000e-05,2026-09-25T12:31:50
4556,92,0.1801,0.3055,6.250000e-05,2026-09-25T12:31:52
4557,92,0.1799,0.2965,6.250000e-05,2026-09-25T12:31:54
4558,92,0.1811,0.2898,6.250000e-05,2026-09-25T12:31:56
4559,92,0.1854,0.3058,6.250000e-05,2026-09-25T12:31:58
4560,92,0.1834,0.2936,6.250000e-05,2026-09-25T12:32:00
4561,92,0.1829,0.2903,6.250000e-05,2026-09-25T12:32:02
4562,92,0.1767,0.2960,6.250000e-05,2026-09-25T12:32:04
4563,92,0.1792,0.3015,6.250000e-05,2026-09-25T12:32:06
4564,92,0.1855,0.2982,6.250000e-05,2026-09-25T12:32:08
4565,92,0.1833,0.2934,6.250000e-05,2026-09-25T12:32:10
4566,92,0.1850,0.2905,6.250000e-05,2026-09-25T12:32:12
4567,92,0.1858,0.2949,6.250000e-05,2026-09-25T12:32:14
4568,92,0.1842,0.2917,6.250000e-05,2026-09-25T12:32:16
4569,92,0.1798,0.2963,6.250000e-05,2026-09-25T12:32:18
4570,92,0.1812,0.3011,6.250000e-05,2026-09-25T12:32:20
4571,92,0.1777,0.3013,6.250000e-05,2026-09-25T12:32:22
4572,92,0.1799,0.3012,6.250000e-05,2026-09-25T12:32:24
4573,92,0.1802,0.2890,6.250000e-05,2026-09-25T12:32:26
4574,92,0.1845,0.2995,6.250000e-05,2026-09-25T12:32:28
4575,92,0.1768,0.3007,6.250000e-05,2026-09-25T12:32:30
4576,92,0.1827,0.2946,6.250000e-05,2026-09-25T12:32:32
4577,92,0.1867,0.3056,6.250000e-05,2026-09-25T12:32:34
4578,92,0.1841,0.3020,6.250000e-05,2026-09-25T12:32:36
4579,92,0.1794,0.2915,6.250000e-05,2026-09-25T12:32:38
4580,92,0.1810,0.2914,6.250000e-05,2026-09-25T12:32:40
4581,92,0.1854,0.2908,6.250000e-05,2026-09-25T12:32:42
4582,92,0.1866,0.2961,6.250000e-05,2026-09-25T12:32:44
4583,92,0.1817,0.2889,6.250000e-05,2026-09-25T12:32:46
4584,92,0.1809,0.3037,6.250000e-05,2026-09-25T12:32:48
4585,92,0.1774,0.2968,6.250000e-05,2026-09-25T12:32:50
4586,92,0.1865,0.2905,6.250000e-05,2026-09-25T12:32:52
4587,92,0.1784,0.3063,6.250000e-05,2026-09-25T12:32:54
4588,92,0.1806,0.2986,6.250000e-05,2026-09-25T12:32:56
4589,92,0.1778,0.2956,6.250000e-05,2026-09-25T12:32:58
4590,92,0.1798,0.3058,6.250000e-05,2026-09-25T12:33:00
4591,92,0.1866,0.2991,6.250000e-05,2026-09-25T12:33:02
4592,92,0.1761,0.3033,6.250000e-05,2026-09-25T12:33:04
4593,92,0.1762,0.3048,6.250000e-05,2026-09-25T12:33:06
4594,92,0.1815,0.3043,6.250000e-05,2026-09-25T12:33:08
4595,92,0.1836,0.3004,6.250000e-05,2026-09-25T12:33:10
4596,92,0.1810,0.2961,6.250000e-05,2026-09-25T12:33:12
4597,92,0.1798,0.2985,6.250000e-05,2026-09-25T12:33:14
4598,92,0.1817,0.3025,6.250000e-05,2026-09-25T12:33:16
4599,92,0.1772,0.2919,6.250000e-05,2026-09-25T12:33:18
4600,92,0.1807,0.2920,6.250000e-05,2026-09-25T12:33:20
4601,93,0.1825,0.2985,6.250000e-05,2026-09-25T12:33:22
4602,93,0.1801,0.3039,6.250000e-05,2026-09-25T12:33:24
4603,93,0.1835,0.2966,6.250000e-05,2026-09-25T12:33:26
4604,93,0.1791,0.2999,6.250000e-05,2026-09-25T12:33:28
4605,93,0.1861,0.3041,6.250000e-05,2026-09-25T12:33:30
4606,93,0.1868,0.3032,6.250000e-05,2026-09-25T12:33:32
4607,93,0.1771,0.3004,6.250000e-05,2026-09-25T12:33:34
4608,93,0.1827,0.2962,6.250000e-05,2026-09-25T12:33:36
4609,93,0.1814,0.3022,6.250000e-05,2026-09-25T12:33:38
4610,93,0.1861,0.2906,6.250000e-05,2026-09-25T12:33:40
4611,93,0.1808,0.2992,6.250000e-05,2026-09-25T12:33:42
4612,93,0.1763,0.2940,6.250000e-05,2026-09-25T12:33:44
4613,93,0.1806,0.2928,6.250000e-05,2026-09-25T12:33:46
4614,93,0.1809,0.2956,6.250000e-05,2026-09-25T12:33:48
4615,93,0.1781,0.2972,6.250000e-05,2026-09-25T12:33:50
4616,93,0.1773,0.3061,6.250000e-05,2026-09-25T12:33:52
4617,93,0.1859,0.2962,6.250000e-05,2026-09-25T12:33:54
4618,93,0.1849,0.3014,6.250000e-05,2026-09-25T12:33:56
4619,93,0.1841,0.2889,6.250000e-05,2026-09-25T12:33:58
4620,93,0.1801,0.2928,6.250000e-05,2026-09-25T12:34:00
4621,93,0.1791,0.3045,6.250000e-05,2026-09-25T12:34:02
4622,93,0.1789,0.3038,6.250000e-05,2026-09-25T12:34:04
4623,93,0.1846,0.2962,6.250000e-05,2026-09-25T12:34:06
4624,93,0.1786,0.3049,6.250000e-05,2026-09-25T12:34:08
4625,93,0.1805,0.2891,6.250000e-05,2026-09-25T12:34:10
4626,93,0.1777,0.2955,6.250000e-05,2026-09-25T12:34:12
4627,93,0.1849,0.3035,6.250000e-05,2026-09-25T12:34:14
4628,93,0.1825,0.2948,6.250000e-05,2026-09-25T12:34:16
4629,93,0.1864,0.3065,6.250000e-05,2026-09-25T12:34:18
4630,93,0.1786,0.3062,6.250000e-05,2026-09-25T12:34:20
4631,93,0.1781,0.3003,6.250000e-05,2026-09-25T12:34:22
4632,93,0.1850,0.3031,6.250000e-05,2026-09-25T12:34:24
4633,93,0.1823,0.2911,6.250000e-05,2026-09-25T12:34:26
4634,93,0.1829,0.3063,6.250000e-05,2026-09-25T12:34:28
4635,93,0.1779,0.3050,6.250000e-05,2026-09-25T12:34:30
4636,93,0.1816,0.2966,6.250000e-05,2026-09-25T12:34:32
4637,93,0.1771,0.3031,6.250000e-05,2026-09-25T12:34:34
4638,93,0.1815,0.3001,6.250000e-05,2026-09-25T12:34:36
4639,93,0.1845,0.3039,6.250000e-05,2026-09-25T12:34:38
4640,93,0.1828,0.2935,6.250000e-05,2026-09-25T12:34:40
4641,93,0.1820,0.3058,6.250000e-05,2026-09-25T12:34:42
4642,93,0.1782,0.2905,6.250000e-05,2026-09-25T12:34:44
4643,93,0.1808,0.3000,6.250000e-05,2026-09-25T12:34:46
4644,93,0.1825,0.2893,6.250000e-05,2026-09-25T12:34:48
4645,93,0.1837,0.3053,6.250000e-05,2026-09-25T12:34:50
4646,93,0.1769,0.2956,6.250000e-05,2026-09-25T12:34:52
4647,93,0.1841,0.2911,6.250000e-05,2026-09-25T12:34:54
4648,93,0.1809,0.3001,6.250000e-05,2026-09-25T12:34:56
4649,93,0.1799,0.2931,6.250000e-05,2026-09-25T12:34:58
4650,93,0.1858,0.2941,6.250000e-05,2026-09-25T12:35:00
4651,94,0.1818,0.2932,6.250000e-05,2026-09-25T12:35:02
4652,94,0.1845,0.3028,6.250000e-05,2026-09-25T12:35:04
4653,94,0.1844,0.3006,6.250000e-05,2026-09-25T12:35:06
4654,94,0.1790,0.3055,6.250000e-05,2026-09-25T12:35:08
4655,94,0.1828,0.3002,6.250000e-05,2026-09-25T12:35:10
4656,94,0.1823,0.2907,6.250000e-05,2026-09-25T12:35:12
4657,94,0.1810,0.2995,6.250000e-05,2026-09-25T12:35:14
4658,94,0.1772,0.2939,6.250000e-05,2026-09-25T12:35:16
4659,94,0.1857,0.2905,6.250000e-05,2026-09-25T12:35:18
4660,94,0.1814,0.2953,6.250000e-05,2026-09-25T12:35:20
4661,94,0.1851,0.2958,6.250000e-05,2026-09-25T12:35:22
4662,94,0.1813,0.2892,6.250000e-05,2026-09-25T12:35:24
4663,94,0.1768,0.3059,6.250000e-05,2026-09-25T12:35:26
4664,94,0.1768,0.3011,6.250000e-05,2026-09-25T12:35:28
4665,94,0.1801,0.2944,6.250000e-05,2026-09-25T12:35:30
4666,94,0.1859,0.3032,6.250000e-05,2026-09-25T12:35:32
4667,94,0.1780,0.2890,6.250000e-05,2026-09-25T12:35:34
4668,94,0.1779,0.2989,6.250000e-05,2026-09-25T12:35:36
4669,94,0.1826,0.2894,6.250000e-05,2026-09-25T12:35:38
4670,94,0.1866,0.3066,6.250000e-05,2026-09-25T12:35:40
4671,94,0.1813,0.2998,6.250000e-05,2026-09-25T12:35:42
4672,94,0.1819,0.2916,6.250000e-05,2026-09-25T12:35:44
4673,94,0.1841,0.3054,6.250000e-05,2026-09-25T12:35:46
4674,94,0.1781,0.2893,6.250000e-05,2026-09-25T12:35:48
4675,94,0.1762,0.2979,6.250000e-05,2026-09-25T12:35:50
4676,94,0.1777,0.3043,6.250000e-05,2026-09-25T12:35:52
4677,94,0.1772,0.2927,6.250000e-05,2026-09-25T12:35:54
4678,94,0.1796,0.2927,6.250000e-05,2026-09-25T12:35:56
4679,94,0.1839,0.3056,6.250000e-05,2026-09-25T12:35:58
4680,94,0.1789,0.2974,6.250000e-05,2026-09-25T12:36:00
4681,94,0.1864,0.2950,6.250000e-05,2026-09-25T12:36:02
4682,94,0.1820,0.2941,6.250000e-05,2026-09-25T12:36:04
4683,94,0.1841,0.2977,6.250000e-05,2026-09-25T12:36:06
4684,94,0.1816,0.2960,6.250000e-05,2026-09-25T12:36:08
4685,94,0.1781,0.2919,6.250000e-05,2026-09-25T12:36:10
4686,94,0.1835,0.3047,6.250000e-05,2026-09-25T12:36:12
4687,94,0.1791,0.2958,6.250000e-05,2026-09-25T12:36:14
4688,94,0.1823,0.3025,6.250000e-05,2026-09-25T12:36:16
4689,94,0.1794,0.3030,6.250000e-05,2026-09-25T12:36:18
4690,94,0.1864,0.2975,6.250000e-05,2026-09-25T12:36:20
4691,94,0.1856,0.2964,6.250000e-05,2026-09-25T12:36:22
4692,94,0.1841,0.3034,6.250000e-05,2026-09-25T12:36:24
4693,94,0.1828,0.2997,6.250000e-05,2026-09-25T12:36:26
4694,94,0.1807,0.2989,6.250000e-05,2026-09-25T12:36:28
4695,94,0.1801,0.3001,6.250000e-05,2026-09-25T12:36:30
4696,94,0.1767,0.2918,6.250000e-05,2026-09-25T12:36:32
4697,94,0.1764,0.2979,6.250000e-05,2026-09-25T12:36:34
4698,94,0.1824,0.2940,6.250000e-05,2026-09-25T12:36:36
4699,94,0.1850,0.3003,6.250000e-05,2026-09-25T12:36:38
4700,94,0.1865,0.2951,6.250000e-05,2026-09-25T12:36:40
4701,95,0.1763,0.2920,6.250000e-05,2026-09-25T12:36:42
4702,95,0.1795,0.3029,6.250000e-05,2026-09-25T12:36:44
4703,95,0.1799,0.2901,6.250000e-05,2026-09-25T12:36:46
4704,95,0.1831,0.2955,6.250000e-05,2026-09-25T12:36:48
4705,95,0.1845,0.2910,6.250000e-05,2026-09-25T12:36:50
4706,95,0.1795,0.2890,6.250000e-05,2026-09-25T12:36:52
4707,95,0.1796,0.2971,6.250000e-05,2026-09-25T12:36:54
4708,95,0.1846,0.3049,6.250000e-05,2026-09-25T12:36:56
4709,95,0.1821,0.2957,6.250000e-05,2026-09-25T12:36:58
4710,95,0.1825,0.2982,6.250000e-05,2026-09-25T12:37:00
4711,95,0.1771,0.2938,6.250000e-05,2026-09-25T12:37:02
4712,95,0.1826,0.3046,6.250000e-05,2026-09-25T12:37:04
4713,95,0.1854,0.2901,6.250000e-05,2026-09-25T12:37:06
4714,95,0.1857,0.2963,6.250000e-05,2026-09-25T12:37:08
4715,95,0.1842,0.2945,6.250000e-05,2026-09-25T12:37:10
4716,95,0.1795,0.2923,6.250000e-05,2026-09-25T12:37:12
4717,95,0.1847,0.2977,6.250000e-05,2026-09-25T12:37:14
4718,95,0.1868,0.2963,6.250000e-05,2026-09-25T12:37:16
4719,95,0.1773,0.2919,6.250000e-05,2026-09-25T12:37:18
4720,95,0.1796,0.2956,6.250000e-05,2026-09-25T12:37:20
4721,95,0.1823,0.2939,6.250000e-05,2026-09-25T12:37:22
4722,95,0.1830,0.3041,6.250000e-05,2026-09-25T12:37:24
4723,95,0.1867,0.3051,6.250000e-05,2026-09-25T12:37:26
4724,95,0.1791,0.3038,6.250000e-05,2026-09-25T12:37:28
4725,95,0.1804,0.3048,6.250000e-05,2026-09-25T12:37:30
4726,95,0.1860,0.2895,6.250000e-05,2026-09-25T12:37:32
4727,95,0.1830,0.2900,6.250000e-05,2026-09-25T12:37:34
4728,95,0.1770,0.3031,6.250000e-05,2026-09-25T12:37:36
4729,95,0.1839,0.2937,6.250000e-05,2026-09-25T12:37:38
4730,95,0.1842,0.2960,6.250000e-05,2026-09-25T12:37:40
4731,95,0.1821,0.2944,6.250000e-05,2026-09-25T12:37:42
4732,95,0.1827,0.2958,6.250000e-05,2026-09-25T12:37:44
4733,95,0.1836,0.2969,6.250000e-05,2026-09-25T12:37:46
4734,95,0.1852,0.3061,6.250000e-05,2026-09-25T12:37:48
4735,95,0.1773,0.2955,6.250000e-05,2026-09-25T12:37:50
4736,95,0.1827,0.2893,6.250000e-05,2026-09-25T12:37:52
4737,95,0.1765,0.2890,6.250000e-05,2026-09-25T12:37:54
4738,95,0.1771,0.2946,6.250000e-05,2026-09-25T12:37:56
4739,95,0.1835,0.2966,6.250000e-05,2026-09-25T12:37:58
4740,95,0.1778,0.2922,6.250000e-05,2026-09-25T12:38:00
4741,95,0.1858,0.2954,6.250000e-05,2026-09-25T12:38:02
4742,95,0.1858,0.3065,6.250000e-05,2026-09-25T12:38:04
4743,95,0.1862,0.3043,6.250000e-05,2026-09-25T12:38:06
4744,95,0.1788,0.3028,6.250000e-05,2026-09-25T12:38:08
4745,95,0.1772,0.3057,6.250000e-05,2026-09-25T12:38:10
4746,95,0.1768,0.2947,6.250000e-05,2026-09-25T12:38:12
4747,95,0.1827,0.3033,6.250000e-05,2026-09-25T12:38:14
4748,95,0.1789,0.2918,6.250000e-05,2026-09-25T12:38:16
4749,95,0.1775,0.2970,6.250000e-05,2026-09-25T12:38:18
4750,95,0.1774,0.3042,6.250000e-05,2026-09-25T12:38:20
4751,96,0.1842,0.3047,6.250000e-05,2026-09-25T12:38:22
4752,96,0.1865,0.2962,6.250000e-05,2026-09-25T12:38:24
4753,96,0.1809,0.2910,6.250000e-05,2026-09-25T12:38:26
4754,96,0.1817,0.2991,6.250000e-05,2026-09-25T12:38:28
4755,96,0.1832,0.3062,6.250000e-05,2026-09-25T12:38:30
4756,96,0.1795,0.3019,6.250000e-05,2026-09-25T12:38:32
4757,96,0.1785,0.2935,6.250000e-05,2026-09-25T12:38:34
4758,96,0.1792,0.2903,6.250000e-05,2026-09-25T12:38:36
4759,96,0.1821,0.3044,6.250000e-05,2026-09-25T12:38:38
4760,96,0.1832,0.3019,6.250000e-05,2026-09-25T12:38:40
4761,96,0.1782,0.2902,6.250000e-05,2026-09-25T12:38:42
4762,96,0.1866,0.2899,6.250000e-05,2026-09-25T12:38:44
4763,96,0.1761,0.2927,6.250000e-05,2026-09-25T12:38:46
4764,96,0.1849,0.2922,6.250000e-05,2026-09-25T12:38:48
4765,96,0.1771,0.2925,6.250000e-05,2026-09-25T12:38:50
4766,96,0.1824,0.2982,6.250000e-05,2026-09-25T12:38:52
4767,96,0.1853,0.3024,6.250000e-05,2026-09-25T12:38:54
4768,96,0.1794,0.2969,6.250000e-05,2026-09-25T12:38:56
4769,96,0.1777,0.2978,6.250000e-05,2026-09-25T12:38:58
4770,96,0.1859,0.2927,6.250000e-05,2026-09-25T12:39:00
4771,96,0.1800,0.3062,6.250000e-05,2026-09-25T12:39:02
4772,96,0.1854,0.2980,6.250000e-05,2026-09-25T12:39:04
4773,96,0.1845,0.2922,6.250000e-05,2026-09-25T12:39:06
4774,96,0.1790,0.2917,6.250000e-05,2026-09-25T12:39:08
4775,96,0.1793,0.3043,6.250000e-05,2026-09-25T12:39:10
4776,96,0.1831,0.2914,6.250000e-05,2026-09-25T12:39:12
4777,96,0.1855,0.3021,6.250000e-05,2026-09-25T12:39:14
4778,96,0.1786,0.3048,6.250000e-05,2026-09-25T12:39:16
4779,96,0.1780,0.2893,6.250000e-05,2026-09-25T12:39:18
4780,96,0.1832,0.2969,6.250000e-05,2026-09-25T12:39:20
4781,96,0.1789,0.3054,6.250000e-05,2026-09-25T12:39:22
4782,96,0.1769,0.2965,6.250000e-05,2026-09-25T12:39:24
4783,96,0.1776,0.2978,6.250000e-05,2026-09-25T12:39:26
4784,96,0.1815,0.2898,6.250000e-05,2026-09-25T12:39:28
4785,96,0.1790,0.2906,6.250000e-05,2026-09-25T12:39:30
4786,96,0.1831,0.3019,6.250000e-05,2026-09-25T12:39:32
4787,96,0.1806,0.2941,6.250000e-05,2026-09-25T12:39:34
4788,96,0.1804,0.2994,6.250000e-05,2026-09-25T12:39:36
4789,96,0.1818,0.2976,6.250000e-05,2026-09-25T12:39:38
4790,96,0.1807,0.3010,6.250000e-05,2026-09-25T12:39:40
4791,96,0.1830,0.3059,6.250000e-05,2026-09-25T12:39:42
4792,96,0.1784,0.2898,6.250000e-05,2026-09-25T12:39:44
4793,96,0.1764,0.2936,6.250000e-05,2026-09-25T12:39:46
4794,96,0.1767,0.2906,6.250000e-05,2026-09-25T12:39:48
4795,96,0.1785,0.2999,6.250000e-05,2026-09-25T12:39:50
4796,96,0.1838,0.2958,6.250000e-05,2026-09-25T12:39:52
4797,96,0.1771,0.3019,6.250000e-05,2026-09-25T12:39:54
4798,96,0.1856,0.2936,6.250000e-05,2026-09-25T12:39:56
4799,96,0.1782,0.3028,6.250000e-05,2026-09-25T12:39:58
4800,96,0.1798,0.2940,6.250000e-05,2026-09-25T12:40:00
4801,97,0.1825,0.3019,6.250000e-05,2026-09-25T12:40:02
4802,97,0.1770,0.2978,6.250000e-05,2026-09-25T12:40:04
4803,97,0.1836,0.2973,6.250000e-05,2026-09-25T12:40:06
4804,97,0.1793,0.3050,6.250000e-05,2026-09-25T12:40:08
4805,97,0.1786,0.2944,6.250000e-05,2026-09-25T12:40:10
4806,97,0.1767,0.2922,6.250000e-05,2026-09-25T12:40:12
4807,97,0.1858,0.2913,6.250000e-05,2026-09-25T12:40:14
4808,97,0.1761,0.2973,6.250000e-05,2026-09-25T12:40:16
4809,97,0.1796,0.2920,6.250000e-05,2026-09-25T12:40:18
4810,97,0.1789,0.2902,6.250000e-05,2026-09-25T12:40:20
4811,97,0.1834,0.3040,6.250000e-05,2026-09-25T12:40:22
4812,97,0.1825,0.3061,6.250000e-05,2026-09-25T12:40:24
4813,97,0.1823,0.2975,6.250000e-05,2026-09-25T12:40:26
4814,97,0.1787,0.2908,6.250000e-05,2026-09-25T12:40:28
4815,97,0.1849,0.2989,6.250000e-05,2026-09-25T12:40:30
4816,97,0.1868,0.3037,6.250000e-05,2026-09-25T12:40:32
4817,97,0.1817,0.2918,6.250000e-05,2026-09-25T12:40:34
4818,97,0.1776,0.2905,6.250000e-05,2026-09-25T12:40:36
4819,97,0.1793,0.3020,6.250000e-05,2026-09-25T12:40:38
4820,97,0.1809,0.3019,6.250000e-05,2026-09-25T12:40:40
4821,97,0.1868,0.2934,6.250000e-05,2026-09-25T12:40:42
4822,97,0.1813,0.2953,6.250000e-05,2026-09-25T12:40:44
4823,97,0.1761,0.2951,6.250000e-05,2026-09-25T12:40:46
4824,97,0.1837,0.3047,6.250000e-05,2026-09-25T12:40:48
4825,97,0.1844,0.3041,6.250000e-05,2026-09-25T12:40:50
4826,97,0.1858,0.2994,6.250000e-05,2026-09-25T12:40:52
4827,97,0.1772,0.3011,6.250000e-05,2026-09-25T12:40:54
4828,97,0.1839,0.2892,6.250000e-05,2026-09-25T12:40:56
4829,97,0.1866,0.3041,6.250000e-05,2026-09-25T12:40:58
4830,97,0.1832,0.2913,6.250000e-05,2026-09-25T12:41:00
4831,97,0.1814,0.2932,6.250000e-05,2026-09-25T12:41:02
4832,97,0.1841,0.3062,6.250000e-05,2026-09-25T12:41:04
4833,97,0.1799,0.3021,6.250000e-05,2026-09-25T12:41:06
4834,97,0.1781,0.3059,6.250000e-05,2026-09-25T12:41:08
4835,97,0.1829,0.3061,6.250000e-05,2026-09-25T12:41:10
4836,97,0.1855,0.3009,6.250000e-05,2026-09-25T12:41:12
4837,97,0.1858,0.2968,6.250000e-05,2026-09-25T12:41:14
4838,97,0.1864,0.2982,6.250000e-05,2026-09-25T12:41:16
4839,97,0.1789,0.3009,6.250000e-05,2026-09-25T12:41:18
4840,97,0.1857,0.2958,6.250000e-05,2026-09-25T12:41:20
4841,97,0.1805,0.3066,6.250000e-05,2026-09-25T12:41:22
4842,97,0.1794,0.2895,6.250000e-05,2026-09-25T12:41:24
4843,97,0.1817,0.2949,6.250000e-05,2026-09-25T12:41:26
4844,97,0.1827,0.2965,6.250000e-05,2026-09-25T12:41:28
4845,97,0.1809,0.3061,6.250000e-05,2026-09-25T12:41:30
4846,97,0.1846,0.2940,6.250000e-05,2026-09-25T12:41:32
4847,97,0.1865,0.2977,6.250000e-05,2026-09-25T12:41:34
4848,97,0.1835,0.2971,6.250000e-05,2026-09-25T12:41:36
4849,97,0.1776,0.3061,6.250000e-05,2026-09-25T12:41:38
4850,97,0.1828,0.3007,6.250000e-05,2026-09-25T12:41:40
4851,98,0.1793,0.2940,6.250000e-05,2026-09-25T12:41:42
4852,98,0.1847,0.2891,6.250000e-05,2026-09-25T12:41:44
4853,98,0.1764,0.2939,6.250000e-05,2026-09-25T12:41:46
4854,98,0.1824,0.2898,6.250000e-05,2026-09-25T12:41:48
4855,98,0.1793,0.2965,6.250000e-05,2026-09-25T12:41:50
4856,98,0.1832,0.2888,6.250000e-05,2026-09-25T12:41:52
4857,98,0.1787,0.2951,6.250000e-05,2026-09-25T12:41:54
4858,98,0.1791,0.3042,6.250000e-05,2026-09-25T12:41:56
4859,98,0.1832,0.3025,6.250000e-05,2026-09-25T12:41:58
4860,98,0.1777,0.2903,6.250000e-05,2026-09-25T12:42:00
4861,98,0.1789,0.3066,6.250000e-05,2026-09-25T12:42:02
4862,98,0.1781,0.2993,6.250000e-05,2026-09-25T12:42:04
4863,98,0.1769,0.2927,6.250000e-05,2026-09-25T12:42:06
4864,98,0.1811,0.2951,6.250000e-05,2026-09-25T12:42:08
4865,98,0.1848,0.3002,6.250000e-05,2026-09-25T12:42:10
4866,98,0.1806,0.3061,6.250000e-05,2026-09-25T12:42:12
4867,98,0.1771,0.2935,6.250000e-05,2026-09-25T12:42:14
4868,98,0.1793,0.2944,6.250000e-05,2026-09-25T12:42:16
4869,98,0.1821,0.3009,6.250000e-05,2026-09-25T12:42:18
4870,98,0.1795,0.2991,6.250000e-05,2026-09-25T12:42:20
4871,98,0.1834,0.2924,6.250000e-05,2026-09-25T12:42:22
4872,98,0.1775,0.2987,6.250000e-05,2026-09-25T12:42:24
4873,98,0.1793,0.2903,6.250000e-05,2026-09-25T12:42:26
4874,98,0.1822,0.3000,6.250000e-05,2026-09-25T12:42:28
4875,98,0.1819,0.2955,6.250000e-05,2026-09-25T12:42:30
4876,98,0.1855,0.2966,6.250000e-05,2026-09-25T12:42:32
4877,98,0.1775,0.2967,6.250000e-05,2026-09-25T12:42:34
4878,98,0.1794,0.3055,6.250000e-05,2026-09-25T12:42:36
4879,98,0.1838,0.2972,6.250000e-05,2026-09-25T12:42:38
4880,98,0.1806,0.2963,6.250000e-05,2026-09-25T12:42:40
4881,98,0.1805,0.2893,6.250000e-05,2026-09-25T12:42:42
4882,98,0.1821,0.3059,6.250000e-05,2026-09-25T12:42:44
4883,98,0.1806,0.3023,6.250000e-05,2026-09-25T12:42:46
4884,98,0.1827,0.2942,6.250000e-05,2026-09-25T12:42:48
4885,98,0.1786,0.2980,6.250000e-05,2026-09-25T12:42:50
4886,98,0.1774,0.2985,6.250000e-05,2026-09-25T12:42:52
4887,98,0.1821,0.2940,6.250000e-05,2026-09-25T12:42:54
4888,98,0.1842,0.2958,6.250000e-05,2026-09-25T12:42:56
4889,98,0.1804,0.2889,6.250000e-05,2026-09-25T12:42:58
4890,98,0.1848,0.3044,6.250000e-05,2026-09-25T12:43:00
4891,98,0.1810,0.2898,6.250000e-05,2026-09-25T12:43:02
4892,98,0.1766,0.3036,6.250000e-05,2026-09-25T12:43:04
4893,98,0.1831,0.2948,6.250000e-05,2026-09-25T12:43:06
4894,98,0.1771,0.2940,6.250000e-05,2026-09-25T12:43:08
4895,98,0.1812,0.2947,6.250000e-05,2026-09-25T12:43:10
4896,98,0.1767,0.3020,6.250000e-05,2026-09-25T12:43:12
4897,98,0.1833,0.3020,6.250000e-05,2026-09-25T12:43:14
4898,98,0.1766,0.2925,6.250000e-05,2026-09-25T12:43:16
4899,98,0.1776,0.3020,6.250000e-05,2026-09-25T12:43:18
4900,98,0.1814,0.2928,6.250000e-05,2026-09-25T12:43:20
4901,99,0.1833,0.3040,6.250000e-05,2026-09-25T12:43:22
4902,99,0.1793,0.2944,6.250000e-05,2026-09-25T12:43:24
4903,99,0.1868,0.2889,6.250000e-05,2026-09-25T12:43:26
4904,99,0.1813,0.3011,6.250000e-05,2026-09-25T12:43:28
4905,99,0.1772,0.2888,6.250000e-05,2026-09-25T12:43:30
4906,99,0.1826,0.2910,6.250000e-05,2026-09-25T12:43:32
4907,99,0.1770,0.2925,6.250000e-05,2026-09-25T12:43:34
4908,99,0.1812,0.3037,6.250000e-05,2026-09-25T12:43:36
4909,99,0.1808,0.2898,6.250000e-05,2026-09-25T12:43:38
4910,99,0.1773,0.2960,6.250000e-05,2026-09-25T12:43:40
4911,99,0.1867,0.3035,6.250000e-05,2026-09-25T12:43:42
4912,99,0.1852,0.2986,6.250000e-05,2026-09-25T12:43:44
4913,99,0.1849,0.3010,6.250000e-05,2026-09-25T12:43:46
4914,99,0.1853,0.2998,6.250000e-05,2026-09-25T12:43:48
4915,99,0.1807,0.3002,6.250000e-05,2026-09-25T12:43:50
4916,99,0.1780,0.3034,6.250000e-05,2026-09-25T12:43:52
4917,99,0.1832,0.2919,6.250000e-05,2026-09-25T12:43:54
4918,99,0.1841,0.2986,6.250000e-05,2026-09-25T12:43:56
4919,99,0.1812,0.2940,6.250000e-05,2026-09-25T12:43:58
4920,99,0.1833,0.3059,6.250000e-05,2026-09-25T12:44:00
4921,99,0.1814,0.3007,6.250000e-05,2026-09-25T12:44:02
4922,99,0.1803,0.3013,6.250000e-05,2026-09-25T12:44:04
4923,99,0.1772,0.2963,6.250000e-05,2026-09-25T12:44:06
4924,99,0.1806,0.2893,6.250000e-05,2026-09-25T12:44:08
4925,99,0.1810,0.2989,6.250000e-05,2026-09-25T12:44:10
4926,99,0.1761,0.2942,6.250000e-05,2026-09-25T12:44:12
4927,99,0.1830,0.3048,6.250000e-05,2026-09-25T12:44:14
4928,99,0.1827,0.2896,6.250000e-05,2026-09-25T12:44:16
4929,99,0.1859,0.3060,6.250000e-05,2026-09-25T12:44:18
4930,99,0.1811,0.3017,6.250000e-05,2026-09-25T12:44:20
4931,99,0.1790,0.3063,6.250000e-05,2026-09-25T12:44:22
4932,99,0.1799,0.3041,6.250000e-05,2026-09-25T12:44:24
4933,99,0.1815,0.2950,6.250000e-05,2026-09-25T12:44:26
4934,99,0.1837,0.2958,6.250000e-05,2026-09-25T12:44:28
4935,99,0.1767,0.3005,6.250000e-05,2026-09-25T12:44:30
4936,99,0.1798,0.3017,6.250000e-05,2026-09-25T12:44:32
4937,99,0.1797,0.3016,6.250000e-05,2026-09-25T12:44:34
4938,99,0.1846,0.2938,6.250000e-05,2026-09-25T12:44:36
4939,99,0.1843,0.2942,6.250000e-05,2026-09-25T12:44:38
4940,99,0.1803,0.3052,6.250000e-05,2026-09-25T12:44:40
4941,99,0.1830,0.2955,6.250000e-05,2026-09-25T12:44:42
4942,99,0.1811,0.3006,6.250000e-05,2026-09-25T12:44:44
4943,99,0.1823,0.3054,6.250000e-05,2026-09-25T12:44:46
4944,99,0.1844,0.2982,6.250000e-05,2026-09-25T12:44:48
4945,99,0.1774,0.2946,6.250000e-05,2026-09-25T12:44:50
4946,99,0.1864,0.2950,6.250000e-05,2026-09-25T12:44:52
4947,99,0.1827,0.2960,6.250000e-05,2026-09-25T12:44:54
4948,99,0.1765,0.3040,6.250000e-05,2026-09-25T12:44:56
4949,99,0.1777,0.2905,6.250000e-05,2026-09-25T12:44:58
4950,99,0.1771,0.3055,6.250000e-05,2026-09-25T12:45:00
4951,100,0.1812,0.3024,6.250000e-05,2026-09-25T12:45:02
4952,100,0.1867,0.3032,6.250000e-05,2026-09-25T12:45:04
4953,100,0.1840,0.2930,6.250000e-05,2026-09-25T12:45:06
4954,100,0.1858,0.2919,6.250000e-05,2026-09-25T12:45:08
4955,100,0.1857,0.3023,6.250000e-05,2026-09-25T12:45:10
4956,100,0.1806,0.2900,6.250000e-05,2026-09-25T12:45:12
4957,100,0.1827,0.2909,6.250000e-05,2026-09-25T12:45:14
4958,100,0.1852,0.2901,6.250000e-05,2026-09-25T12:45:16
4959,100,0.1843,0.2996,6.250000e-05,2026-09-25T12:45:18
4960,100,0.1851,0.3053,6.250000e-05,2026-09-25T12:45:20
4961,100,0.1795,0.3013,6.250000e-05,2026-09-25T12:45:22
4962,100,0.1801,0.3065,6.250000e-05,2026-09-25T12:45:24
4963,100,0.1822,0.2924,6.250000e-05,2026-09-25T12:45:26
4964,100,0.1787,0.2966,6.250000e-05,2026-09-25T12:45:28
4965,100,0.1791,0.2924,6.250000e-05,2026-09-25T12:45:30
4966,100,0.1778,0.3033,6.250000e-05,2026-09-25T12:45:32
4967,100,0.1848,0.2922,6.250000e-05,2026-09-25T12:45:34
4968,100,0.1823,0.3000,6.250000e-05,2026-09-25T12:45:36
4969,100,0.1833,0.2924,6.250000e-05,2026-09-25T12:45:38
4970,100,0.1848,0.3048,6.250000e-05,2026-09-25T12:45:40
4971,100,0.1799,0.2961,6.250000e-05,2026-09-25T12:45:42
4972,100,0.1819,0.2901,6.250000e-05,2026-09-25T12:45:44
4973,100,0.1780,0.3018,6.250000e-05,2026-09-25T12:45:46
4974,100,0.1859,0.3003,6.250000e-05,2026-09-25T12:45:48
4975,100,0.1814,0.3037,6.250000e-05,2026-09-25T12:45:50
4976,100,0.1822,0.2973,6.250000e-05,2026-09-25T12:45:52
4977,100,0.1798,0.2999,6.250000e-05,2026-09-25T12:45:54
4978,100,0.1821,0.2913,6.250000e-05,2026-09-25T12:45:56
4979,100,0.1767,0.2964,6.250000e-05,2026-09-25T12:45:58
4980,100,0.1801,0.2901,6.250000e-05,2026-09-25T12:46:00
4981,100,0.1768,0.3028,6.250000e-05,2026-09-25T12:46:02
4982,100,0.1792,0.2909,6.250000e-05,2026-09-25T12:46:04
4983,100,0.1785,0.2996,6.250000e-05,2026-09-25T12:46:06
4984,100,0.1796,0.2928,6.250000e-05,2026-09-25T12:46:08
4985,100,0.1862,0.3053,6.250000e-05,2026-09-25T12:46:10
4986,100,0.1787,0.3014,6.250000e-05,2026-09-25T12:46:12
4987,100,0.1767,0.3044,6.250000e-05,2026-09-25T12:46:14
4988,100,0.1865,0.2901,6.250000e-05,2026-09-25T12:46:16
4989,100,0.1823,0.3040,6.250000e-05,2026-09-25T12:46:18
4990,100,0.1861,0.2977,6.250000e-05,2026-09-25T12:46:20
4991,100,0.1803,0.2898,6.250000e-05,2026-09-25T12:46:22
4992,100,0.1836,0.2908,6.250000e-05,2026-09-25T12:46:24
4993,100,0.1811,0.3052,6.250000e-05,2026-09-25T12:46:26
4994,100,0.1789,0.2893,6.250000e-05,2026-09-25T12:46:28
4995,100,0.1797,0.2935,6.250000e-05,2026-09-25T12:46:30
4996,100,0.1796,0.3025,6.250000e-05,2026-09-25T12:46:32
4997,100,0.1775,0.2986,6.250000e-05,2026-09-25T12:46:34
4998,100,0.1840,0.3053,6.250000e-05,2026-09-25T12:46:36
4999,100,0.1832,0.3045,6.250000e-05,2026-09-25T12:46:38
5000,100,0.1786,0.2901,6.250000e-05,2026-09-25T12:46:40
